Medium Election,5.2.16.1,,,,,,,,,,,
,,,,,,,,Lord of Coin (Vote For=1),Lord of Coin (Vote For=1),Lord of Coin (Vote For=1),Lord of Coin (Vote For=1),Lord of Coin (Vote For=1)
,,,,,,,,Billie Mitchell,Gabe Booth,Ray Hart,Erin Willis,Write-In
CvrNumber,TabulatorNum,BatchId,RecordId,ImprintedId,CountingGroup,PrecinctPortion,BallotType,,,,,
0,Tabulator A,Batch 1,1,Tabulator A-Batch 1-1,Election Day,precinct-portion-1,ballot-type-1,0,0,0,0,0
1,Tabulator A,Batch 1,2,Tabulator A-Batch 1-2,Election Day,precinct-portion-1,ballot-type-1,1,1,1,1,1
2,Tabulator A,Batch 1,3,Tabulator A-Batch 1-3,Election Day,precinct-portion-1,ballot-type-1,1,1,1,1,1
3,Tabulator A,Batch 1,4,Tabulator A-Batch 1-4,Election Day,precinct-portion-1,ballot-type-1,1,1,1,1,1
4,Tabulator A,Batch 1,5,Tabulator A-Batch 1-5,Election Day,precinct-portion-1,ballot-type-1,0,0,0,0,0
5,Tabulator A,Batch 1,6,Tabulator A-Batch 1-6,Election Day,precinct-portion-1,ballot-type-1,0,0,0,0,0
6,Tabulator A,Batch 1,7,Tabulator A-Batch 1-7,Election Day,precinct-portion-1,ballot-type-1,1,1,1,1,1
7,Tabulator A,Batch 1,8,Tabulator A-Batch 1-8,Election Day,precinct-portion-1,ballot-type-1,1,1,1,1,1
8,Tabulator A,Batch 1,9,Tabulator A-Batch 1-9,Election Day,precinct-portion-1,ballot-type-1,0,0,0,0,0
9,Tabulator A,Batch 1,10,Tabulator A-Batch 1-10,Election Day,precinct-portion-1,ballot-type-1,0,0,0,0,0
10,Tabulator A,Batch 1,11,Tabulator A-Batch 1-11,Election Day,precinct-portion-1,ballot-type-1,0,0,1,0,0
11,Tabulator A,Batch 1,12,Tabulator A-Batch 1-12,Election Day,precinct-portion-1,ballot-type-1,0,0,1,0,0
12,Tabulator A,Batch 1,13,Tabulator A-Batch 1-13,Election Day,precinct-portion-1,ballot-type-1,0,0,0,0,0
13,Tabulator A,Batch 1,14,Tabulator A-Batch 1-14,Election Day,precinct-portion-1,ballot-type-1,0,0,1,0,0
14,Tabulator A,Batch 1,15,Tabulator A-Batch 1-15,Election Day,precinct-portion-1,ballot-type-1,1,1,1,1,1
15,Tabulator A,Batch 1,16,Tabulator A-Batch 1-16,Election Day,precinct-portion-1,ballot-type-1,1,1,1,1,1
16,Tabulator A,Batch 1,17,Tabulator A-Batch 1-17,Election Day,precinct-portion-1,ballot-type-1,0,0,0,0,0
17,Tabulator A,Batch 1,18,Tabulator A-Batch 1-18,Election Day,precinct-portion-1,ballot-type-1,0,0,1,0,0
18,Tabulator A,Batch 1,19,Tabulator A-Batch 1-19,Election Day,precinct-portion-1,ballot-type-1,1,1,1,1,1
19,Tabulator A,Batch 1,20,Tabulator A-Batch 1-20,Election Day,precinct-portion-1,ballot-type-1,1,1,1,1,1
20,Tabulator A,Batch 1,21,Tabulator A-Batch 1-21,Election Day,precinct-portion-1,ballot-type-1,0,0,1,0,0
21,Tabulator A,Batch 1,22,Tabulator A-Batch 1-22,Election Day,precinct-portion-1,ballot-type-1,0,0,0,0,0
22,Tabulator A,Batch 1,23,Tabulator A-Batch 1-23,Election Day,precinct-portion-1,ballot-type-1,0,0,1,0,0
23,Tabulator A,Batch 1,24,Tabulator A-Batch 1-24,Election Day,precinct-portion-1,ballot-type-1,0,0,1,0,0
24,Tabulator A,Batch 1,25,Tabulator A-Batch 1-25,Election Day,precinct-portion-1,ballot-type-1,1,1,1,1,1
25,Tabulator A,Batch 1,26,Tabulator A-Batch 1-26,Election Day,precinct-portion-1,ballot-type-1,1,1,1,1,1
26,Tabulator A,Batch 1,27,Tabulator A-Batch 1-27,Election Day,precinct-portion-1,ballot-type-1,0,0,0,0,0
27,Tabulator A,Batch 1,28,Tabulator A-Batch 1-28,Election Day,precinct-portion-1,ballot-type-1,0,0,1,0,0
28,Tabulator A,Batch 1,29,Tabulator A-Batch 1-29,Election Day,precinct-portion-1,ballot-type-1,0,0,0,0,0
29,Tabulator A,Batch 1,30,Tabulator A-Batch 1-30,Election Day,precinct-portion-1,ballot-type-1,0,1,0,0,0
30,Tabulator A,Batch 1,31,Tabulator A-Batch 1-31,Election Day,precinct-portion-1,ballot-type-1,0,0,0,0,0
31,Tabulator A,Batch 1,32,Tabulator A-Batch 1-32,Election Day,precinct-portion-1,ballot-type-1,0,0,0,0,0
32,Tabulator A,Batch 1,33,Tabulator A-Batch 1-33,Election Day,precinct-portion-1,ballot-type-1,1,1,1,1,1
33,Tabulator A,Batch 1,34,Tabulator A-Batch 1-34,Election Day,precinct-portion-1,ballot-type-1,1,1,1,1,1
34,Tabulator A,Batch 1,35,Tabulator A-Batch 1-35,Election Day,precinct-portion-1,ballot-type-1,0,0,0,0,0
35,Tabulator A,Batch 1,36,Tabulator A-Batch 1-36,Election Day,precinct-portion-1,ballot-type-1,0,0,1,0,0
36,Tabulator A,Batch 1,37,Tabulator A-Batch 1-37,Election Day,precinct-portion-1,ballot-type-1,1,1,1,1,1
37,Tabulator A,Batch 1,38,Tabulator A-Batch 1-38,Election Day,precinct-portion-1,ballot-type-1,1,1,1,1,1
38,Tabulator A,Batch 1,39,Tabulator A-Batch 1-39,Election Day,precinct-portion-1,ballot-type-1,0,0,0,0,0
39,Tabulator A,Batch 1,40,Tabulator A-Batch 1-40,Election Day,precinct-portion-1,ballot-type-1,1,1,1,1,1
40,Tabulator A,Batch 1,41,Tabulator A-Batch 1-41,Election Day,precinct-portion-1,ballot-type-1,0,0,0,0,0
41,Tabulator A,Batch 1,42,Tabulator A-Batch 1-42,Election Day,precinct-portion-1,ballot-type-1,0,0,1,0,0
42,Tabulator A,Batch 1,43,Tabulator A-Batch 1-43,Election Day,precinct-portion-1,ballot-type-1,0,0,0,0,0
43,Tabulator A,Batch 1,44,Tabulator A-Batch 1-44,Election Day,precinct-portion-1,ballot-type-1,1,1,1,1,1
44,Tabulator A,Batch 1,45,Tabulator A-Batch 1-45,Election Day,precinct-portion-1,ballot-type-1,1,1,1,1,1
45,Tabulator A,Batch 1,46,Tabulator A-Batch 1-46,Election Day,precinct-portion-1,ballot-type-1,0,0,1,0,0
46,Tabulator A,Batch 1,47,Tabulator A-Batch 1-47,Election Day,precinct-portion-1,ballot-type-1,1,1,1,1,1
47,Tabulator A,Batch 1,48,Tabulator A-Batch 1-48,Election Day,precinct-portion-1,ballot-type-1,0,0,0,0,0
48,Tabulator A,Batch 1,49,Tabulator A-Batch 1-49,Election Day,precinct-portion-1,ballot-type-1,0,0,0,0,0
49,Tabulator A,Batch 1,50,Tabulator A-Batch 1-50,Election Day,precinct-portion-1,ballot-type-1,0,0,1,0,0
50,Tabulator A,Batch 1,51,Tabulator A-Batch 1-51,Election Day,precinct-portion-1,ballot-type-1,0,0,1,0,0
51,Tabulator A,Batch 1,52,Tabulator A-Batch 1-52,Election Day,precinct-portion-1,ballot-type-1,1,1,1,1,1
52,Tabulator A,Batch 1,53,Tabulator A-Batch 1-53,Election Day,precinct-portion-1,ballot-type-1,0,0,0,0,0
53,Tabulator A,Batch 1,54,Tabulator A-Batch 1-54,Election Day,precinct-portion-1,ballot-type-1,1,0,0,0,0
54,Tabulator A,Batch 1,55,Tabulator A-Batch 1-55,Election Day,precinct-portion-1,ballot-type-1,1,1,1,1,1
55,Tabulator A,Batch 1,56,Tabulator A-Batch 1-56,Election Day,precinct-portion-1,ballot-type-1,0,0,0,0,0
56,Tabulator A,Batch 1,57,Tabulator A-Batch 1-57,Election Day,precinct-portion-1,ballot-type-1,1,1,1,1,1
57,Tabulator A,Batch 1,58,Tabulator A-Batch 1-58,Election Day,precinct-portion-1,ballot-type-1,0,0,0,0,0
58,Tabulator A,Batch 1,59,Tabulator A-Batch 1-59,Election Day,precinct-portion-1,ballot-type-1,0,0,0,0,0
59,Tabulator A,Batch 1,60,Tabulator A-Batch 1-60,Election Day,precinct-portion-1,ballot-type-1,1,1,1,1,1
60,Tabulator A,Batch 1,61,Tabulator A-Batch 1-61,Election Day,precinct-portion-1,ballot-type-1,0,0,0,0,0
61,Tabulator A,Batch 1,62,Tabulator A-Batch 1-62,Election Day,precinct-portion-1,ballot-type-1,1,1,1,1,1
62,Tabulator A,Batch 1,63,Tabulator A-Batch 1-63,Election Day,precinct-portion-1,ballot-type-1,0,0,0,0,0
63,Tabulator A,Batch 1,64,Tabulator A-Batch 1-64,Election Day,precinct-portion-1,ballot-type-1,0,0,0,0,0
64,Tabulator A,Batch 1,65,Tabulator A-Batch 1-65,Election Day,precinct-portion-1,ballot-type-1,1,1,1,1,1
65,Tabulator A,Batch 1,66,Tabulator A-Batch 1-66,Election Day,precinct-portion-1,ballot-type-1,1,1,1,1,1
66,Tabulator A,Batch 1,67,Tabulator A-Batch 1-67,Election Day,precinct-portion-1,ballot-type-1,1,0,0,0,0
67,Tabulator A,Batch 1,68,Tabulator A-Batch 1-68,Election Day,precinct-portion-1,ballot-type-1,0,0,0,0,0
68,Tabulator A,Batch 1,69,Tabulator A-Batch 1-69,Election Day,precinct-portion-1,ballot-type-1,0,0,1,0,0
69,Tabulator A,Batch 1,70,Tabulator A-Batch 1-70,Election Day,precinct-portion-1,ballot-type-1,0,0,0,0,0
70,Tabulator A,Batch 1,71,Tabulator A-Batch 1-71,Election Day,precinct-portion-1,ballot-type-1,0,0,1,0,0
71,Tabulator A,Batch 1,72,Tabulator A-Batch 1-72,Election Day,precinct-portion-1,ballot-type-1,1,1,1,1,1
72,Tabulator A,Batch 1,73,Tabulator A-Batch 1-73,Election Day,precinct-portion-1,ballot-type-1,0,0,1,0,0
73,Tabulator A,Batch 1,74,Tabulator A-Batch 1-74,Election Day,precinct-portion-1,ballot-type-1,1,1,1,1,1
74,Tabulator A,Batch 1,75,Tabulator A-Batch 1-75,Election Day,precinct-portion-1,ballot-type-1,1,1,1,1,1
75,Tabulator A,Batch 1,76,Tabulator A-Batch 1-76,Election Day,precinct-portion-1,ballot-type-1,1,1,1,1,1
76,Tabulator A,Batch 1,77,Tabulator A-Batch 1-77,Election Day,precinct-portion-1,ballot-type-1,0,0,1,0,0
77,Tabulator A,Batch 1,78,Tabulator A-Batch 1-78,Election Day,precinct-portion-1,ballot-type-1,0,0,0,0,0
78,Tabulator A,Batch 1,79,Tabulator A-Batch 1-79,Election Day,precinct-portion-1,ballot-type-1,1,1,1,1,1
79,Tabulator A,Batch 1,80,Tabulator A-Batch 1-80,Election Day,precinct-portion-1,ballot-type-1,1,1,1,1,1
80,Tabulator A,Batch 1,81,Tabulator A-Batch 1-81,Election Day,precinct-portion-1,ballot-type-1,1,1,1,1,1
81,Tabulator A,Batch 1,82,Tabulator A-Batch 1-82,Election Day,precinct-portion-1,ballot-type-1,0,0,0,0,0
82,Tabulator A,Batch 1,83,Tabulator A-Batch 1-83,Election Day,precinct-portion-1,ballot-type-1,0,0,1,0,0
83,Tabulator A,Batch 1,84,Tabulator A-Batch 1-84,Election Day,precinct-portion-1,ballot-type-1,0,0,1,0,0
84,Tabulator A,Batch 1,85,Tabulator A-Batch 1-85,Election Day,precinct-portion-1,ballot-type-1,0,0,0,0,0
85,Tabulator A,Batch 1,86,Tabulator A-Batch 1-86,Election Day,precinct-portion-1,ballot-type-1,1,1,1,1,1
86,Tabulator A,Batch 1,87,Tabulator A-Batch 1-87,Election Day,precinct-portion-1,ballot-type-1,0,0,0,0,0
87,Tabulator A,Batch 1,88,Tabulator A-Batch 1-88,Election Day,precinct-portion-1,ballot-type-1,1,1,1,1,1
88,Tabulator A,Batch 1,89,Tabulator A-Batch 1-89,Election Day,precinct-portion-1,ballot-type-1,0,0,0,0,0
89,Tabulator A,Batch 1,90,Tabulator A-Batch 1-90,Election Day,precinct-portion-1,ballot-type-1,0,1,0,0,0
90,Tabulator A,Batch 1,91,Tabulator A-Batch 1-91,Election Day,precinct-portion-1,ballot-type-1,0,0,0,0,0
91,Tabulator A,Batch 1,92,Tabulator A-Batch 1-92,Election Day,precinct-portion-1,ballot-type-1,0,0,0,0,0
92,Tabulator A,Batch 1,93,Tabulator A-Batch 1-93,Election Day,precinct-portion-1,ballot-type-1,0,0,1,0,0
93,Tabulator A,Batch 1,94,Tabulator A-Batch 1-94,Election Day,precinct-portion-1,ballot-type-1,0,0,1,0,0
94,Tabulator A,Batch 1,95,Tabulator A-Batch 1-95,Election Day,precinct-portion-1,ballot-type-1,1,1,1,1,1
95,Tabulator A,Batch 1,96,Tabulator A-Batch 1-96,Election Day,precinct-portion-1,ballot-type-1,0,0,1,0,0
96,Tabulator A,Batch 1,97,Tabulator A-Batch 1-97,Election Day,precinct-portion-1,ballot-type-1,1,1,1,1,1
97,Tabulator A,Batch 1,98,Tabulator A-Batch 1-98,Election Day,precinct-portion-1,ballot-type-1,0,0,1,0,0
98,Tabulator A,Batch 1,99,Tabulator A-Batch 1-99,Election Day,precinct-portion-1,ballot-type-1,1,1,1,1,1
99,Tabulator A,Batch 1,100,Tabulator A-Batch 1-100,Election Day,precinct-portion-1,ballot-type-1,0,0,0,0,0
100,Tabulator A,Batch 1,101,Tabulator A-Batch 1-101,Election Day,precinct-portion-1,ballot-type-1,1,1,1,1,1
101,Tabulator A,Batch 1,102,Tabulator A-Batch 1-102,Election Day,precinct-portion-1,ballot-type-1,1,1,1,1,1
102,Tabulator A,Batch 1,103,Tabulator A-Batch 1-103,Election Day,precinct-portion-1,ballot-type-1,0,0,1,0,0
103,Tabulator A,Batch 1,104,Tabulator A-Batch 1-104,Election Day,precinct-portion-1,ballot-type-1,1,1,1,1,1
104,Tabulator A,Batch 1,105,Tabulator A-Batch 1-105,Election Day,precinct-portion-1,ballot-type-1,1,1,1,1,1
105,Tabulator A,Batch 1,106,Tabulator A-Batch 1-106,Election Day,precinct-portion-1,ballot-type-1,0,0,0,0,0
106,Tabulator A,Batch 1,107,Tabulator A-Batch 1-107,Election Day,precinct-portion-1,ballot-type-1,0,0,0,0,0
107,Tabulator A,Batch 1,108,Tabulator A-Batch 1-108,Election Day,precinct-portion-1,ballot-type-1,0,0,0,0,0
108,Tabulator A,Batch 1,109,Tabulator A-Batch 1-109,Election Day,precinct-portion-1,ballot-type-1,0,0,0,0,0
109,Tabulator A,Batch 1,110,Tabulator A-Batch 1-110,Election Day,precinct-portion-1,ballot-type-1,1,1,1,1,1
110,Tabulator A,Batch 1,111,Tabulator A-Batch 1-111,Election Day,precinct-portion-1,ballot-type-1,0,0,1,0,0
111,Tabulator A,Batch 1,112,Tabulator A-Batch 1-112,Election Day,precinct-portion-1,ballot-type-1,1,1,1,1,1
112,Tabulator A,Batch 1,113,Tabulator A-Batch 1-113,Election Day,precinct-portion-1,ballot-type-1,0,0,1,0,0
113,Tabulator A,Batch 1,114,Tabulator A-Batch 1-114,Election Day,precinct-portion-1,ballot-type-1,0,0,0,0,0
114,Tabulator A,Batch 1,115,Tabulator A-Batch 1-115,Election Day,precinct-portion-1,ballot-type-1,0,0,0,0,0
115,Tabulator A,Batch 1,116,Tabulator A-Batch 1-116,Election Day,precinct-portion-1,ballot-type-1,0,0,0,0,0
116,Tabulator A,Batch 1,117,Tabulator A-Batch 1-117,Election Day,precinct-portion-1,ballot-type-1,0,0,0,0,0
117,Tabulator A,Batch 1,118,Tabulator A-Batch 1-118,Election Day,precinct-portion-1,ballot-type-1,1,0,0,0,0
118,Tabulator A,Batch 1,119,Tabulator A-Batch 1-119,Election Day,precinct-portion-1,ballot-type-1,0,0,0,0,0
119,Tabulator A,Batch 1,120,Tabulator A-Batch 1-120,Election Day,precinct-portion-1,ballot-type-1,1,1,1,1,1
120,Tabulator A,Batch 1,121,Tabulator A-Batch 1-121,Election Day,precinct-portion-1,ballot-type-1,1,1,1,1,1
121,Tabulator A,Batch 1,122,Tabulator A-Batch 1-122,Election Day,precinct-portion-1,ballot-type-1,1,1,1,1,1
122,Tabulator A,Batch 1,123,Tabulator A-Batch 1-123,Election Day,precinct-portion-1,ballot-type-1,1,1,1,1,1
123,Tabulator A,Batch 1,124,Tabulator A-Batch 1-124,Election Day,precinct-portion-1,ballot-type-1,1,1,1,1,1
124,Tabulator A,Batch 1,125,Tabulator A-Batch 1-125,Election Day,precinct-portion-1,ballot-type-1,1,1,1,1,1
125,Tabulator A,Batch 1,126,Tabulator A-Batch 1-126,Election Day,precinct-portion-1,ballot-type-1,1,1,1,1,1
126,Tabulator A,Batch 1,127,Tabulator A-Batch 1-127,Election Day,precinct-portion-1,ballot-type-1,0,0,1,0,0
127,Tabulator A,Batch 1,128,Tabulator A-Batch 1-128,Election Day,precinct-portion-1,ballot-type-1,0,0,0,0,0
128,Tabulator A,Batch 1,129,Tabulator A-Batch 1-129,Election Day,precinct-portion-1,ballot-type-1,1,1,1,1,1
129,Tabulator A,Batch 1,130,Tabulator A-Batch 1-130,Election Day,precinct-portion-1,ballot-type-1,1,1,1,1,1
130,Tabulator A,Batch 1,131,Tabulator A-Batch 1-131,Election Day,precinct-portion-1,ballot-type-1,1,1,1,1,1
131,Tabulator A,Batch 1,132,Tabulator A-Batch 1-132,Election Day,precinct-portion-1,ballot-type-1,0,0,0,0,0
132,Tabulator A,Batch 1,133,Tabulator A-Batch 1-133,Election Day,precinct-portion-1,ballot-type-1,0,0,0,0,0
133,Tabulator A,Batch 1,134,Tabulator A-Batch 1-134,Election Day,precinct-portion-1,ballot-type-1,0,0,0,0,0
134,Tabulator A,Batch 1,135,Tabulator A-Batch 1-135,Election Day,precinct-portion-1,ballot-type-1,1,1,1,1,1
135,Tabulator A,Batch 1,136,Tabulator A-Batch 1-136,Election Day,precinct-portion-1,ballot-type-1,0,0,0,0,0
136,Tabulator A,Batch 1,137,Tabulator A-Batch 1-137,Election Day,precinct-portion-1,ballot-type-1,0,0,1,0,0
137,Tabulator A,Batch 1,138,Tabulator A-Batch 1-138,Election Day,precinct-portion-1,ballot-type-1,0,0,1,0,0
138,Tabulator A,Batch 1,139,Tabulator A-Batch 1-139,Election Day,precinct-portion-1,ballot-type-1,0,0,0,0,0
139,Tabulator A,Batch 1,140,Tabulator A-Batch 1-140,Election Day,precinct-portion-1,ballot-type-1,1,1,1,1,1
140,Tabulator A,Batch 1,141,Tabulator A-Batch 1-141,Election Day,precinct-portion-1,ballot-type-1,0,0,1,0,0
141,Tabulator A,Batch 1,142,Tabulator A-Batch 1-142,Election Day,precinct-portion-1,ballot-type-1,0,0,0,0,0
142,Tabulator A,Batch 1,143,Tabulator A-Batch 1-143,Election Day,precinct-portion-1,ballot-type-1,1,1,1,1,1
143,Tabulator A,Batch 1,144,Tabulator A-Batch 1-144,Election Day,precinct-portion-1,ballot-type-1,1,1,1,1,1
144,Tabulator A,Batch 1,145,Tabulator A-Batch 1-145,Election Day,precinct-portion-1,ballot-type-1,0,0,0,0,0
145,Tabulator A,Batch 1,146,Tabulator A-Batch 1-146,Election Day,precinct-portion-1,ballot-type-1,1,1,1,1,1
146,Tabulator A,Batch 1,147,Tabulator A-Batch 1-147,Election Day,precinct-portion-1,ballot-type-1,1,1,1,1,1
147,Tabulator A,Batch 1,148,Tabulator A-Batch 1-148,Election Day,precinct-portion-1,ballot-type-1,0,0,0,0,0
148,Tabulator A,Batch 1,149,Tabulator A-Batch 1-149,Election Day,precinct-portion-1,ballot-type-1,0,0,0,0,0
149,Tabulator A,Batch 1,150,Tabulator A-Batch 1-150,Election Day,precinct-portion-1,ballot-type-1,0,0,0,0,0
150,Tabulator A,Batch 1,151,Tabulator A-Batch 1-151,Election Day,precinct-portion-1,ballot-type-1,0,0,0,0,0
151,Tabulator A,Batch 1,152,Tabulator A-Batch 1-152,Election Day,precinct-portion-1,ballot-type-1,0,0,0,0,0
152,Tabulator A,Batch 1,153,Tabulator A-Batch 1-153,Election Day,precinct-portion-1,ballot-type-1,1,1,1,1,1
153,Tabulator A,Batch 1,154,Tabulator A-Batch 1-154,Election Day,precinct-portion-1,ballot-type-1,1,1,1,1,1
154,Tabulator A,Batch 1,155,Tabulator A-Batch 1-155,Election Day,precinct-portion-1,ballot-type-1,1,1,1,1,1
155,Tabulator A,Batch 1,156,Tabulator A-Batch 1-156,Election Day,precinct-portion-1,ballot-type-1,0,0,0,0,0
156,Tabulator A,Batch 1,157,Tabulator A-Batch 1-157,Election Day,precinct-portion-1,ballot-type-1,1,1,1,1,1
157,Tabulator A,Batch 1,158,Tabulator A-Batch 1-158,Election Day,precinct-portion-1,ballot-type-1,0,0,0,0,0
158,Tabulator A,Batch 1,159,Tabulator A-Batch 1-159,Election Day,precinct-portion-1,ballot-type-1,1,1,1,1,1
159,Tabulator A,Batch 1,160,Tabulator A-Batch 1-160,Election Day,precinct-portion-1,ballot-type-1,0,0,0,0,0
160,Tabulator A,Batch 1,161,Tabulator A-Batch 1-161,Election Day,precinct-portion-1,ballot-type-1,1,1,1,1,1
161,Tabulator A,Batch 1,162,Tabulator A-Batch 1-162,Election Day,precinct-portion-1,ballot-type-1,1,1,1,1,1
162,Tabulator A,Batch 1,163,Tabulator A-Batch 1-163,Election Day,precinct-portion-1,ballot-type-1,0,0,0,0,0
163,Tabulator A,Batch 1,164,Tabulator A-Batch 1-164,Election Day,precinct-portion-1,ballot-type-1,0,0,0,0,0
164,Tabulator A,Batch 1,165,Tabulator A-Batch 1-165,Election Day,precinct-portion-1,ballot-type-1,1,1,1,1,1
165,Tabulator A,Batch 1,166,Tabulator A-Batch 1-166,Election Day,precinct-portion-1,ballot-type-1,1,1,1,1,1
166,Tabulator A,Batch 1,167,Tabulator A-Batch 1-167,Election Day,precinct-portion-1,ballot-type-1,0,0,1,0,0
167,Tabulator A,Batch 1,168,Tabulator A-Batch 1-168,Election Day,precinct-portion-1,ballot-type-1,0,0,0,0,0
168,Tabulator A,Batch 1,169,Tabulator A-Batch 1-169,Election Day,precinct-portion-1,ballot-type-1,1,1,1,1,1
169,Tabulator A,Batch 1,170,Tabulator A-Batch 1-170,Election Day,precinct-portion-1,ballot-type-1,1,1,1,1,1
170,Tabulator A,Batch 1,171,Tabulator A-Batch 1-171,Election Day,precinct-portion-1,ballot-type-1,0,0,0,0,0
171,Tabulator A,Batch 1,172,Tabulator A-Batch 1-172,Election Day,precinct-portion-1,ballot-type-1,0,0,0,0,0
172,Tabulator A,Batch 1,173,Tabulator A-Batch 1-173,Election Day,precinct-portion-1,ballot-type-1,0,0,1,0,0
173,Tabulator A,Batch 1,174,Tabulator A-Batch 1-174,Election Day,precinct-portion-1,ballot-type-1,0,0,0,0,0
174,Tabulator A,Batch 1,175,Tabulator A-Batch 1-175,Election Day,precinct-portion-1,ballot-type-1,1,1,1,1,1
175,Tabulator A,Batch 1,176,Tabulator A-Batch 1-176,Election Day,precinct-portion-1,ballot-type-1,1,1,1,1,1
176,Tabulator A,Batch 1,177,Tabulator A-Batch 1-177,Election Day,precinct-portion-1,ballot-type-1,0,0,1,0,0
177,Tabulator A,Batch 1,178,Tabulator A-Batch 1-178,Election Day,precinct-portion-1,ballot-type-1,0,0,0,0,0
178,Tabulator A,Batch 1,179,Tabulator A-Batch 1-179,Election Day,precinct-portion-1,ballot-type-1,0,0,0,0,0
179,Tabulator A,Batch 1,180,Tabulator A-Batch 1-180,Election Day,precinct-portion-1,ballot-type-1,0,0,1,0,0
180,Tabulator A,Batch 1,181,Tabulator A-Batch 1-181,Election Day,precinct-portion-1,ballot-type-1,0,0,1,0,0
181,Tabulator A,Batch 1,182,Tabulator A-Batch 1-182,Election Day,precinct-portion-1,ballot-type-1,0,0,0,0,0
182,Tabulator A,Batch 1,183,Tabulator A-Batch 1-183,Election Day,precinct-portion-1,ballot-type-1,0,0,1,0,0
183,Tabulator A,Batch 1,184,Tabulator A-Batch 1-184,Election Day,precinct-portion-1,ballot-type-1,0,0,1,0,0
184,Tabulator A,Batch 1,185,Tabulator A-Batch 1-185,Election Day,precinct-portion-1,ballot-type-1,1,1,1,1,1
185,Tabulator A,Batch 1,186,Tabulator A-Batch 1-186,Election Day,precinct-portion-1,ballot-type-1,0,0,1,0,0
186,Tabulator A,Batch 1,187,Tabulator A-Batch 1-187,Election Day,precinct-portion-1,ballot-type-1,0,0,0,0,0
187,Tabulator A,Batch 1,188,Tabulator A-Batch 1-188,Election Day,precinct-portion-1,ballot-type-1,0,0,0,0,0
188,Tabulator A,Batch 1,189,Tabulator A-Batch 1-189,Election Day,precinct-portion-1,ballot-type-1,1,1,1,1,1
189,Tabulator A,Batch 1,190,Tabulator A-Batch 1-190,Election Day,precinct-portion-1,ballot-type-1,0,0,0,0,0
190,Tabulator A,Batch 1,191,Tabulator A-Batch 1-191,Election Day,precinct-portion-1,ballot-type-1,0,0,1,0,0
191,Tabulator A,Batch 1,192,Tabulator A-Batch 1-192,Election Day,precinct-portion-1,ballot-type-1,0,0,0,0,0
192,Tabulator A,Batch 1,193,Tabulator A-Batch 1-193,Election Day,precinct-portion-1,ballot-type-1,0,0,1,0,0
193,Tabulator A,Batch 1,194,Tabulator A-Batch 1-194,Election Day,precinct-portion-1,ballot-type-1,1,0,0,0,0
194,Tabulator A,Batch 1,195,Tabulator A-Batch 1-195,Election Day,precinct-portion-1,ballot-type-1,0,0,1,0,0
195,Tabulator A,Batch 1,196,Tabulator A-Batch 1-196,Election Day,precinct-portion-1,ballot-type-1,0,0,0,0,0
196,Tabulator A,Batch 1,197,Tabulator A-Batch 1-197,Election Day,precinct-portion-1,ballot-type-1,1,1,1,1,1
197,Tabulator A,Batch 1,198,Tabulator A-Batch 1-198,Election Day,precinct-portion-1,ballot-type-1,1,1,1,1,1
198,Tabulator A,Batch 1,199,Tabulator A-Batch 1-199,Election Day,precinct-portion-1,ballot-type-1,0,0,0,0,0
199,Tabulator A,Batch 1,200,Tabulator A-Batch 1-200,Election Day,precinct-portion-1,ballot-type-1,1,0,0,0,0
200,Tabulator A,Batch 1,201,Tabulator A-Batch 1-201,Election Day,precinct-portion-1,ballot-type-1,1,1,1,1,1
201,Tabulator A,Batch 1,202,Tabulator A-Batch 1-202,Election Day,precinct-portion-1,ballot-type-1,1,1,1,1,1
202,Tabulator A,Batch 1,203,Tabulator A-Batch 1-203,Election Day,precinct-portion-1,ballot-type-1,0,0,0,0,0
203,Tabulator A,Batch 1,204,Tabulator A-Batch 1-204,Election Day,precinct-portion-1,ballot-type-1,0,0,1,0,0
204,Tabulator A,Batch 1,205,Tabulator A-Batch 1-205,Election Day,precinct-portion-1,ballot-type-1,0,0,1,0,0
205,Tabulator A,Batch 1,206,Tabulator A-Batch 1-206,Election Day,precinct-portion-1,ballot-type-1,0,0,1,0,0
206,Tabulator A,Batch 1,207,Tabulator A-Batch 1-207,Election Day,precinct-portion-1,ballot-type-1,0,0,1,0,0
207,Tabulator A,Batch 1,208,Tabulator A-Batch 1-208,Election Day,precinct-portion-1,ballot-type-1,1,1,1,1,1
208,Tabulator A,Batch 1,209,Tabulator A-Batch 1-209,Election Day,precinct-portion-1,ballot-type-1,0,0,0,0,0
209,Tabulator A,Batch 1,210,Tabulator A-Batch 1-210,Election Day,precinct-portion-1,ballot-type-1,1,1,1,1,1
210,Tabulator A,Batch 1,211,Tabulator A-Batch 1-211,Election Day,precinct-portion-1,ballot-type-1,0,0,1,0,0
211,Tabulator A,Batch 1,212,Tabulator A-Batch 1-212,Election Day,precinct-portion-1,ballot-type-1,1,1,1,1,1
212,Tabulator A,Batch 1,213,Tabulator A-Batch 1-213,Election Day,precinct-portion-1,ballot-type-1,0,0,0,0,0
213,Tabulator A,Batch 1,214,Tabulator A-Batch 1-214,Election Day,precinct-portion-1,ballot-type-1,1,1,1,1,1
214,Tabulator A,Batch 1,215,Tabulator A-Batch 1-215,Election Day,precinct-portion-1,ballot-type-1,0,0,0,0,0
215,Tabulator A,Batch 1,216,Tabulator A-Batch 1-216,Election Day,precinct-portion-1,ballot-type-1,1,1,1,1,1
216,Tabulator A,Batch 1,217,Tabulator A-Batch 1-217,Election Day,precinct-portion-1,ballot-type-1,1,1,1,1,1
217,Tabulator A,Batch 1,218,Tabulator A-Batch 1-218,Election Day,precinct-portion-1,ballot-type-1,0,0,0,0,0
218,Tabulator A,Batch 1,219,Tabulator A-Batch 1-219,Election Day,precinct-portion-1,ballot-type-1,0,0,0,0,0
219,Tabulator A,Batch 1,220,Tabulator A-Batch 1-220,Election Day,precinct-portion-1,ballot-type-1,0,0,1,0,0
220,Tabulator A,Batch 1,221,Tabulator A-Batch 1-221,Election Day,precinct-portion-1,ballot-type-1,1,1,1,1,1
221,Tabulator A,Batch 1,222,Tabulator A-Batch 1-222,Election Day,precinct-portion-1,ballot-type-1,0,0,0,0,0
222,Tabulator A,Batch 1,223,Tabulator A-Batch 1-223,Election Day,precinct-portion-1,ballot-type-1,0,0,1,0,0
223,Tabulator A,Batch 1,224,Tabulator A-Batch 1-224,Election Day,precinct-portion-1,ballot-type-1,0,0,1,0,0
224,Tabulator A,Batch 1,225,Tabulator A-Batch 1-225,Election Day,precinct-portion-1,ballot-type-1,0,0,1,0,0
225,Tabulator A,Batch 1,226,Tabulator A-Batch 1-226,Election Day,precinct-portion-1,ballot-type-1,0,0,0,0,0
226,Tabulator A,Batch 1,227,Tabulator A-Batch 1-227,Election Day,precinct-portion-1,ballot-type-1,0,0,0,0,0
227,Tabulator A,Batch 1,228,Tabulator A-Batch 1-228,Election Day,precinct-portion-1,ballot-type-1,1,1,1,1,1
228,Tabulator A,Batch 1,229,Tabulator A-Batch 1-229,Election Day,precinct-portion-1,ballot-type-1,0,0,0,0,0
229,Tabulator A,Batch 1,230,Tabulator A-Batch 1-230,Election Day,precinct-portion-1,ballot-type-1,1,1,1,1,1
230,Tabulator A,Batch 1,231,Tabulator A-Batch 1-231,Election Day,precinct-portion-1,ballot-type-1,0,0,1,0,0
231,Tabulator A,Batch 1,232,Tabulator A-Batch 1-232,Election Day,precinct-portion-1,ballot-type-1,0,0,1,0,0
232,Tabulator A,Batch 1,233,Tabulator A-Batch 1-233,Election Day,precinct-portion-1,ballot-type-1,0,0,0,0,0
233,Tabulator A,Batch 1,234,Tabulator A-Batch 1-234,Election Day,precinct-portion-1,ballot-type-1,0,0,0,0,0
234,Tabulator A,Batch 1,235,Tabulator A-Batch 1-235,Election Day,precinct-portion-1,ballot-type-1,0,0,0,0,0
235,Tabulator A,Batch 1,236,Tabulator A-Batch 1-236,Election Day,precinct-portion-1,ballot-type-1,0,0,0,0,0
236,Tabulator A,Batch 1,237,Tabulator A-Batch 1-237,Election Day,precinct-portion-1,ballot-type-1,0,0,0,0,0
237,Tabulator A,Batch 1,238,Tabulator A-Batch 1-238,Election Day,precinct-portion-1,ballot-type-1,0,0,1,0,0
238,Tabulator A,Batch 1,239,Tabulator A-Batch 1-239,Election Day,precinct-portion-1,ballot-type-1,0,0,0,0,0
239,Tabulator A,Batch 1,240,Tabulator A-Batch 1-240,Election Day,precinct-portion-1,ballot-type-1,0,0,0,0,0
240,Tabulator A,Batch 1,241,Tabulator A-Batch 1-241,Election Day,precinct-portion-1,ballot-type-1,1,1,1,1,1
241,Tabulator A,Batch 1,242,Tabulator A-Batch 1-242,Election Day,precinct-portion-1,ballot-type-1,0,0,0,0,0
242,Tabulator A,Batch 1,243,Tabulator A-Batch 1-243,Election Day,precinct-portion-1,ballot-type-1,0,0,1,0,0
243,Tabulator A,Batch 1,244,Tabulator A-Batch 1-244,Election Day,precinct-portion-1,ballot-type-1,0,0,1,0,0
244,Tabulator A,Batch 1,245,Tabulator A-Batch 1-245,Election Day,precinct-portion-1,ballot-type-1,1,1,1,1,1
245,Tabulator A,Batch 1,246,Tabulator A-Batch 1-246,Election Day,precinct-portion-1,ballot-type-1,0,0,0,0,0
246,Tabulator A,Batch 1,247,Tabulator A-Batch 1-247,Election Day,precinct-portion-1,ballot-type-1,0,0,0,0,0
247,Tabulator A,Batch 1,248,Tabulator A-Batch 1-248,Election Day,precinct-portion-1,ballot-type-1,0,0,0,0,0
248,Tabulator A,Batch 1,249,Tabulator A-Batch 1-249,Election Day,precinct-portion-1,ballot-type-1,0,0,0,0,0
249,Tabulator A,Batch 1,250,Tabulator A-Batch 1-250,Election Day,precinct-portion-1,ballot-type-1,1,1,1,1,1
250,Tabulator A,Batch 1,251,Tabulator A-Batch 1-251,Election Day,precinct-portion-1,ballot-type-1,0,0,0,0,0
251,Tabulator A,Batch 1,252,Tabulator A-Batch 1-252,Election Day,precinct-portion-1,ballot-type-1,1,1,1,1,1
252,Tabulator A,Batch 1,253,Tabulator A-Batch 1-253,Election Day,precinct-portion-1,ballot-type-1,0,0,1,0,0
253,Tabulator A,Batch 1,254,Tabulator A-Batch 1-254,Election Day,precinct-portion-1,ballot-type-1,1,1,1,1,1
254,Tabulator A,Batch 1,255,Tabulator A-Batch 1-255,Election Day,precinct-portion-1,ballot-type-1,0,0,1,0,0
255,Tabulator A,Batch 1,256,Tabulator A-Batch 1-256,Election Day,precinct-portion-1,ballot-type-1,1,1,1,1,1
256,Tabulator A,Batch 1,257,Tabulator A-Batch 1-257,Election Day,precinct-portion-1,ballot-type-1,1,0,0,0,0
257,Tabulator A,Batch 1,258,Tabulator A-Batch 1-258,Election Day,precinct-portion-1,ballot-type-1,0,0,1,0,0
258,Tabulator A,Batch 1,259,Tabulator A-Batch 1-259,Election Day,precinct-portion-1,ballot-type-1,1,1,1,1,1
259,Tabulator A,Batch 1,260,Tabulator A-Batch 1-260,Election Day,precinct-portion-1,ballot-type-1,0,0,0,0,0
260,Tabulator A,Batch 1,261,Tabulator A-Batch 1-261,Election Day,precinct-portion-1,ballot-type-1,0,0,0,0,0
261,Tabulator A,Batch 1,262,Tabulator A-Batch 1-262,Election Day,precinct-portion-1,ballot-type-1,0,0,1,0,0
262,Tabulator A,Batch 1,263,Tabulator A-Batch 1-263,Election Day,precinct-portion-1,ballot-type-1,1,0,0,0,0
263,Tabulator A,Batch 1,264,Tabulator A-Batch 1-264,Election Day,precinct-portion-1,ballot-type-1,0,0,0,0,0
264,Tabulator A,Batch 1,265,Tabulator A-Batch 1-265,Election Day,precinct-portion-1,ballot-type-1,0,0,0,0,0
265,Tabulator A,Batch 1,266,Tabulator A-Batch 1-266,Election Day,precinct-portion-1,ballot-type-1,0,0,0,0,0
266,Tabulator A,Batch 1,267,Tabulator A-Batch 1-267,Election Day,precinct-portion-1,ballot-type-1,0,0,0,0,0
267,Tabulator A,Batch 1,268,Tabulator A-Batch 1-268,Election Day,precinct-portion-1,ballot-type-1,0,0,0,0,0
268,Tabulator A,Batch 1,269,Tabulator A-Batch 1-269,Election Day,precinct-portion-1,ballot-type-1,0,0,1,0,0
269,Tabulator A,Batch 1,270,Tabulator A-Batch 1-270,Election Day,precinct-portion-1,ballot-type-1,0,0,0,0,1
270,Tabulator A,Batch 1,271,Tabulator A-Batch 1-271,Election Day,precinct-portion-1,ballot-type-1,0,0,1,0,0
271,Tabulator A,Batch 1,272,Tabulator A-Batch 1-272,Election Day,precinct-portion-1,ballot-type-1,0,0,0,0,0
272,Tabulator A,Batch 1,273,Tabulator A-Batch 1-273,Election Day,precinct-portion-1,ballot-type-1,1,1,1,1,1
273,Tabulator A,Batch 1,274,Tabulator A-Batch 1-274,Election Day,precinct-portion-1,ballot-type-1,1,1,1,1,1
274,Tabulator A,Batch 1,275,Tabulator A-Batch 1-275,Election Day,precinct-portion-1,ballot-type-1,0,0,0,0,0
275,Tabulator A,Batch 1,276,Tabulator A-Batch 1-276,Election Day,precinct-portion-1,ballot-type-1,1,1,1,1,1
276,Tabulator A,Batch 1,277,Tabulator A-Batch 1-277,Election Day,precinct-portion-1,ballot-type-1,1,1,1,1,1
277,Tabulator A,Batch 1,278,Tabulator A-Batch 1-278,Election Day,precinct-portion-1,ballot-type-1,1,1,1,1,1
278,Tabulator A,Batch 1,279,Tabulator A-Batch 1-279,Election Day,precinct-portion-1,ballot-type-1,0,0,0,0,0
279,Tabulator A,Batch 1,280,Tabulator A-Batch 1-280,Election Day,precinct-portion-1,ballot-type-1,0,0,1,0,0
280,Tabulator A,Batch 1,281,Tabulator A-Batch 1-281,Election Day,precinct-portion-1,ballot-type-1,1,1,1,1,1
281,Tabulator A,Batch 1,282,Tabulator A-Batch 1-282,Election Day,precinct-portion-1,ballot-type-1,0,0,1,0,0
282,Tabulator A,Batch 1,283,Tabulator A-Batch 1-283,Election Day,precinct-portion-1,ballot-type-1,1,1,1,1,1
283,Tabulator A,Batch 1,284,Tabulator A-Batch 1-284,Election Day,precinct-portion-1,ballot-type-1,1,1,1,1,1
284,Tabulator A,Batch 1,285,Tabulator A-Batch 1-285,Election Day,precinct-portion-1,ballot-type-1,1,1,1,1,1
285,Tabulator A,Batch 1,286,Tabulator A-Batch 1-286,Election Day,precinct-portion-1,ballot-type-1,1,1,1,1,1
286,Tabulator A,Batch 1,287,Tabulator A-Batch 1-287,Election Day,precinct-portion-1,ballot-type-1,1,1,1,1,1
287,Tabulator A,Batch 1,288,Tabulator A-Batch 1-288,Election Day,precinct-portion-1,ballot-type-1,0,0,0,0,0
288,Tabulator A,Batch 1,289,Tabulator A-Batch 1-289,Election Day,precinct-portion-1,ballot-type-1,0,0,0,0,0
289,Tabulator A,Batch 1,290,Tabulator A-Batch 1-290,Election Day,precinct-portion-1,ballot-type-1,0,0,0,0,0
290,Tabulator A,Batch 1,291,Tabulator A-Batch 1-291,Election Day,precinct-portion-1,ballot-type-1,1,1,1,1,1
291,Tabulator A,Batch 1,292,Tabulator A-Batch 1-292,Election Day,precinct-portion-1,ballot-type-1,1,1,1,1,1
292,Tabulator A,Batch 1,293,Tabulator A-Batch 1-293,Election Day,precinct-portion-1,ballot-type-1,0,0,0,0,0
293,Tabulator A,Batch 1,294,Tabulator A-Batch 1-294,Election Day,precinct-portion-1,ballot-type-1,0,0,0,0,0
294,Tabulator A,Batch 1,295,Tabulator A-Batch 1-295,Election Day,precinct-portion-1,ballot-type-1,0,0,1,0,0
295,Tabulator A,Batch 1,296,Tabulator A-Batch 1-296,Election Day,precinct-portion-1,ballot-type-1,0,0,0,0,0
296,Tabulator A,Batch 1,297,Tabulator A-Batch 1-297,Election Day,precinct-portion-1,ballot-type-1,1,1,1,1,1
297,Tabulator A,Batch 1,298,Tabulator A-Batch 1-298,Election Day,precinct-portion-1,ballot-type-1,0,0,0,0,0
298,Tabulator A,Batch 1,299,Tabulator A-Batch 1-299,Election Day,precinct-portion-1,ballot-type-1,1,1,1,1,1
299,Tabulator A,Batch 1,300,Tabulator A-Batch 1-300,Election Day,precinct-portion-1,ballot-type-1,0,0,1,0,0
300,Tabulator A,Batch 1,301,Tabulator A-Batch 1-301,Election Day,precinct-portion-1,ballot-type-1,1,1,1,1,1
301,Tabulator A,Batch 1,302,Tabulator A-Batch 1-302,Election Day,precinct-portion-1,ballot-type-1,0,0,0,0,0
302,Tabulator A,Batch 1,303,Tabulator A-Batch 1-303,Election Day,precinct-portion-1,ballot-type-1,0,0,0,0,0
303,Tabulator A,Batch 1,304,Tabulator A-Batch 1-304,Election Day,precinct-portion-1,ballot-type-1,1,1,1,1,1
304,Tabulator A,Batch 1,305,Tabulator A-Batch 1-305,Election Day,precinct-portion-1,ballot-type-1,0,0,1,0,0
305,Tabulator A,Batch 1,306,Tabulator A-Batch 1-306,Election Day,precinct-portion-1,ballot-type-1,0,0,1,0,0
306,Tabulator A,Batch 1,307,Tabulator A-Batch 1-307,Election Day,precinct-portion-1,ballot-type-1,0,0,1,0,0
307,Tabulator A,Batch 1,308,Tabulator A-Batch 1-308,Election Day,precinct-portion-1,ballot-type-1,0,0,0,0,0
308,Tabulator A,Batch 1,309,Tabulator A-Batch 1-309,Election Day,precinct-portion-1,ballot-type-1,0,0,0,0,0
309,Tabulator A,Batch 1,310,Tabulator A-Batch 1-310,Election Day,precinct-portion-1,ballot-type-1,0,0,1,0,0
310,Tabulator A,Batch 1,311,Tabulator A-Batch 1-311,Election Day,precinct-portion-1,ballot-type-1,0,0,0,0,0
311,Tabulator A,Batch 1,312,Tabulator A-Batch 1-312,Election Day,precinct-portion-1,ballot-type-1,0,0,0,0,0
312,Tabulator A,Batch 1,313,Tabulator A-Batch 1-313,Election Day,precinct-portion-1,ballot-type-1,1,1,1,1,1
313,Tabulator A,Batch 1,314,Tabulator A-Batch 1-314,Election Day,precinct-portion-1,ballot-type-1,0,0,0,0,0
314,Tabulator A,Batch 1,315,Tabulator A-Batch 1-315,Election Day,precinct-portion-1,ballot-type-1,0,0,1,0,0
315,Tabulator A,Batch 1,316,Tabulator A-Batch 1-316,Election Day,precinct-portion-1,ballot-type-1,0,0,0,0,0
316,Tabulator A,Batch 1,317,Tabulator A-Batch 1-317,Election Day,precinct-portion-1,ballot-type-1,0,0,1,0,0
317,Tabulator A,Batch 1,318,Tabulator A-Batch 1-318,Election Day,precinct-portion-1,ballot-type-1,1,1,1,1,1
318,Tabulator A,Batch 1,319,Tabulator A-Batch 1-319,Election Day,precinct-portion-1,ballot-type-1,0,0,0,0,0
319,Tabulator A,Batch 1,320,Tabulator A-Batch 1-320,Election Day,precinct-portion-1,ballot-type-1,1,1,1,1,1
320,Tabulator A,Batch 1,321,Tabulator A-Batch 1-321,Election Day,precinct-portion-1,ballot-type-1,0,0,0,0,0
321,Tabulator A,Batch 1,322,Tabulator A-Batch 1-322,Election Day,precinct-portion-1,ballot-type-1,1,0,0,0,0
322,Tabulator A,Batch 1,323,Tabulator A-Batch 1-323,Election Day,precinct-portion-1,ballot-type-1,1,0,0,0,0
323,Tabulator A,Batch 1,324,Tabulator A-Batch 1-324,Election Day,precinct-portion-1,ballot-type-1,1,1,1,1,1
324,Tabulator A,Batch 1,325,Tabulator A-Batch 1-325,Election Day,precinct-portion-1,ballot-type-1,0,0,0,0,0
325,Tabulator A,Batch 1,326,Tabulator A-Batch 1-326,Election Day,precinct-portion-1,ballot-type-1,0,0,0,0,0
326,Tabulator A,Batch 1,327,Tabulator A-Batch 1-327,Election Day,precinct-portion-1,ballot-type-1,0,0,0,0,0
327,Tabulator A,Batch 1,328,Tabulator A-Batch 1-328,Election Day,precinct-portion-1,ballot-type-1,0,0,1,0,0
328,Tabulator A,Batch 1,329,Tabulator A-Batch 1-329,Election Day,precinct-portion-1,ballot-type-1,0,0,1,0,0
329,Tabulator A,Batch 1,330,Tabulator A-Batch 1-330,Election Day,precinct-portion-1,ballot-type-1,0,0,1,0,0
330,Tabulator A,Batch 1,331,Tabulator A-Batch 1-331,Election Day,precinct-portion-1,ballot-type-1,1,1,1,1,1
331,Tabulator A,Batch 1,332,Tabulator A-Batch 1-332,Election Day,precinct-portion-1,ballot-type-1,0,0,0,0,0
332,Tabulator A,Batch 1,333,Tabulator A-Batch 1-333,Election Day,precinct-portion-1,ballot-type-1,0,0,1,0,0
333,Tabulator A,Batch 1,334,Tabulator A-Batch 1-334,Election Day,precinct-portion-1,ballot-type-1,1,1,1,1,1
334,Tabulator A,Batch 1,335,Tabulator A-Batch 1-335,Election Day,precinct-portion-1,ballot-type-1,0,0,1,0,0
335,Tabulator A,Batch 1,336,Tabulator A-Batch 1-336,Election Day,precinct-portion-1,ballot-type-1,0,0,1,0,0
336,Tabulator A,Batch 1,337,Tabulator A-Batch 1-337,Election Day,precinct-portion-1,ballot-type-1,0,0,0,0,0
337,Tabulator A,Batch 1,338,Tabulator A-Batch 1-338,Election Day,precinct-portion-1,ballot-type-1,1,0,0,0,0
338,Tabulator A,Batch 1,339,Tabulator A-Batch 1-339,Election Day,precinct-portion-1,ballot-type-1,0,0,1,0,0
339,Tabulator A,Batch 1,340,Tabulator A-Batch 1-340,Election Day,precinct-portion-1,ballot-type-1,0,0,0,0,0
340,Tabulator A,Batch 1,341,Tabulator A-Batch 1-341,Election Day,precinct-portion-1,ballot-type-1,1,1,1,1,1
341,Tabulator A,Batch 1,342,Tabulator A-Batch 1-342,Election Day,precinct-portion-1,ballot-type-1,0,0,1,0,0
342,Tabulator A,Batch 1,343,Tabulator A-Batch 1-343,Election Day,precinct-portion-1,ballot-type-1,0,0,0,0,0
343,Tabulator A,Batch 1,344,Tabulator A-Batch 1-344,Election Day,precinct-portion-1,ballot-type-1,0,0,0,0,0
344,Tabulator A,Batch 1,345,Tabulator A-Batch 1-345,Election Day,precinct-portion-1,ballot-type-1,1,1,1,1,1
345,Tabulator A,Batch 1,346,Tabulator A-Batch 1-346,Election Day,precinct-portion-1,ballot-type-1,1,1,1,1,1
346,Tabulator A,Batch 1,347,Tabulator A-Batch 1-347,Election Day,precinct-portion-1,ballot-type-1,0,0,0,0,0
347,Tabulator A,Batch 1,348,Tabulator A-Batch 1-348,Election Day,precinct-portion-1,ballot-type-1,0,0,0,0,0
348,Tabulator A,Batch 1,349,Tabulator A-Batch 1-349,Election Day,precinct-portion-1,ballot-type-1,0,0,0,0,0
349,Tabulator A,Batch 1,350,Tabulator A-Batch 1-350,Election Day,precinct-portion-1,ballot-type-1,0,0,1,0,0
350,Tabulator A,Batch 1,351,Tabulator A-Batch 1-351,Election Day,precinct-portion-1,ballot-type-1,0,0,0,0,0
351,Tabulator A,Batch 1,352,Tabulator A-Batch 1-352,Election Day,precinct-portion-1,ballot-type-1,0,0,0,0,0
352,Tabulator A,Batch 1,353,Tabulator A-Batch 1-353,Election Day,precinct-portion-1,ballot-type-1,0,0,0,0,0
353,Tabulator A,Batch 1,354,Tabulator A-Batch 1-354,Election Day,precinct-portion-1,ballot-type-1,0,0,1,0,0
354,Tabulator A,Batch 1,355,Tabulator A-Batch 1-355,Election Day,precinct-portion-1,ballot-type-1,1,1,1,1,1
355,Tabulator A,Batch 1,356,Tabulator A-Batch 1-356,Election Day,precinct-portion-1,ballot-type-1,0,0,0,0,0
356,Tabulator A,Batch 1,357,Tabulator A-Batch 1-357,Election Day,precinct-portion-1,ballot-type-1,0,0,0,0,0
357,Tabulator A,Batch 1,358,Tabulator A-Batch 1-358,Election Day,precinct-portion-1,ballot-type-1,0,0,0,0,0
358,Tabulator A,Batch 1,359,Tabulator A-Batch 1-359,Election Day,precinct-portion-1,ballot-type-1,1,1,1,1,1
359,Tabulator A,Batch 1,360,Tabulator A-Batch 1-360,Election Day,precinct-portion-1,ballot-type-1,1,1,1,1,1
360,Tabulator A,Batch 1,361,Tabulator A-Batch 1-361,Election Day,precinct-portion-1,ballot-type-1,1,1,1,1,1
361,Tabulator A,Batch 1,362,Tabulator A-Batch 1-362,Election Day,precinct-portion-1,ballot-type-1,0,0,1,0,0
362,Tabulator A,Batch 1,363,Tabulator A-Batch 1-363,Election Day,precinct-portion-1,ballot-type-1,0,0,0,0,0
363,Tabulator A,Batch 1,364,Tabulator A-Batch 1-364,Election Day,precinct-portion-1,ballot-type-1,0,0,1,0,0
364,Tabulator A,Batch 1,365,Tabulator A-Batch 1-365,Election Day,precinct-portion-1,ballot-type-1,0,0,0,0,0
365,Tabulator A,Batch 1,366,Tabulator A-Batch 1-366,Election Day,precinct-portion-1,ballot-type-1,0,0,1,0,0
366,Tabulator A,Batch 1,367,Tabulator A-Batch 1-367,Election Day,precinct-portion-1,ballot-type-1,0,0,0,0,0
367,Tabulator A,Batch 1,368,Tabulator A-Batch 1-368,Election Day,precinct-portion-1,ballot-type-1,1,1,1,1,1
368,Tabulator A,Batch 1,369,Tabulator A-Batch 1-369,Election Day,precinct-portion-1,ballot-type-1,0,0,0,0,0
369,Tabulator A,Batch 1,370,Tabulator A-Batch 1-370,Election Day,precinct-portion-1,ballot-type-1,0,0,0,0,0
370,Tabulator A,Batch 1,371,Tabulator A-Batch 1-371,Election Day,precinct-portion-1,ballot-type-1,1,1,1,1,1
371,Tabulator A,Batch 1,372,Tabulator A-Batch 1-372,Election Day,precinct-portion-1,ballot-type-1,0,0,0,0,0
372,Tabulator A,Batch 1,373,Tabulator A-Batch 1-373,Election Day,precinct-portion-1,ballot-type-1,1,1,1,1,1
373,Tabulator A,Batch 1,374,Tabulator A-Batch 1-374,Election Day,precinct-portion-1,ballot-type-1,1,1,1,1,1
374,Tabulator A,Batch 1,375,Tabulator A-Batch 1-375,Election Day,precinct-portion-1,ballot-type-1,0,0,0,0,0
375,Tabulator A,Batch 1,376,Tabulator A-Batch 1-376,Election Day,precinct-portion-1,ballot-type-1,0,0,0,0,0
376,Tabulator A,Batch 1,377,Tabulator A-Batch 1-377,Election Day,precinct-portion-1,ballot-type-1,0,0,0,0,0
377,Tabulator A,Batch 1,378,Tabulator A-Batch 1-378,Election Day,precinct-portion-1,ballot-type-1,0,0,1,0,0
378,Tabulator A,Batch 1,379,Tabulator A-Batch 1-379,Election Day,precinct-portion-1,ballot-type-1,1,1,1,1,1
379,Tabulator A,Batch 1,380,Tabulator A-Batch 1-380,Election Day,precinct-portion-1,ballot-type-1,0,0,0,0,0
380,Tabulator A,Batch 1,381,Tabulator A-Batch 1-381,Election Day,precinct-portion-1,ballot-type-1,1,1,1,1,1
381,Tabulator A,Batch 1,382,Tabulator A-Batch 1-382,Election Day,precinct-portion-1,ballot-type-1,1,1,1,1,1
382,Tabulator A,Batch 1,383,Tabulator A-Batch 1-383,Election Day,precinct-portion-1,ballot-type-1,1,1,1,1,1
383,Tabulator A,Batch 1,384,Tabulator A-Batch 1-384,Election Day,precinct-portion-1,ballot-type-1,1,1,1,1,1
384,Tabulator A,Batch 1,385,Tabulator A-Batch 1-385,Election Day,precinct-portion-1,ballot-type-1,0,0,1,0,0
385,Tabulator A,Batch 1,386,Tabulator A-Batch 1-386,Election Day,precinct-portion-1,ballot-type-1,1,1,1,1,1
386,Tabulator A,Batch 1,387,Tabulator A-Batch 1-387,Election Day,precinct-portion-1,ballot-type-1,0,0,0,0,0
387,Tabulator A,Batch 1,388,Tabulator A-Batch 1-388,Election Day,precinct-portion-1,ballot-type-1,1,1,1,1,1
388,Tabulator A,Batch 1,389,Tabulator A-Batch 1-389,Election Day,precinct-portion-1,ballot-type-1,1,1,1,1,1
389,Tabulator A,Batch 1,390,Tabulator A-Batch 1-390,Election Day,precinct-portion-1,ballot-type-1,1,0,0,0,0
390,Tabulator A,Batch 1,391,Tabulator A-Batch 1-391,Election Day,precinct-portion-1,ballot-type-1,1,1,1,1,1
391,Tabulator A,Batch 1,392,Tabulator A-Batch 1-392,Election Day,precinct-portion-1,ballot-type-1,0,0,1,0,0
392,Tabulator A,Batch 1,393,Tabulator A-Batch 1-393,Election Day,precinct-portion-1,ballot-type-1,0,0,1,0,0
393,Tabulator A,Batch 1,394,Tabulator A-Batch 1-394,Election Day,precinct-portion-1,ballot-type-1,1,1,1,1,1
394,Tabulator A,Batch 1,395,Tabulator A-Batch 1-395,Election Day,precinct-portion-1,ballot-type-1,0,0,0,0,0
395,Tabulator A,Batch 1,396,Tabulator A-Batch 1-396,Election Day,precinct-portion-1,ballot-type-1,0,0,0,0,0
396,Tabulator A,Batch 1,397,Tabulator A-Batch 1-397,Election Day,precinct-portion-1,ballot-type-1,0,0,0,0,0
397,Tabulator A,Batch 1,398,Tabulator A-Batch 1-398,Election Day,precinct-portion-1,ballot-type-1,0,0,0,0,0
398,Tabulator A,Batch 1,399,Tabulator A-Batch 1-399,Election Day,precinct-portion-1,ballot-type-1,0,0,1,0,0
399,Tabulator A,Batch 1,400,Tabulator A-Batch 1-400,Election Day,precinct-portion-1,ballot-type-1,1,1,1,1,1
400,Tabulator A,Batch 1,401,Tabulator A-Batch 1-401,Election Day,precinct-portion-1,ballot-type-1,1,1,1,1,1
401,Tabulator A,Batch 1,402,Tabulator A-Batch 1-402,Election Day,precinct-portion-1,ballot-type-1,0,0,1,0,0
402,Tabulator A,Batch 1,403,Tabulator A-Batch 1-403,Election Day,precinct-portion-1,ballot-type-1,0,0,0,0,0
403,Tabulator A,Batch 1,404,Tabulator A-Batch 1-404,Election Day,precinct-portion-1,ballot-type-1,1,1,1,1,1
404,Tabulator A,Batch 1,405,Tabulator A-Batch 1-405,Election Day,precinct-portion-1,ballot-type-1,1,1,1,1,1
405,Tabulator A,Batch 1,406,Tabulator A-Batch 1-406,Election Day,precinct-portion-1,ballot-type-1,0,0,1,0,0
406,Tabulator A,Batch 1,407,Tabulator A-Batch 1-407,Election Day,precinct-portion-1,ballot-type-1,0,0,0,0,0
407,Tabulator A,Batch 1,408,Tabulator A-Batch 1-408,Election Day,precinct-portion-1,ballot-type-1,0,0,1,0,0
408,Tabulator A,Batch 1,409,Tabulator A-Batch 1-409,Election Day,precinct-portion-1,ballot-type-1,0,0,1,0,0
409,Tabulator A,Batch 1,410,Tabulator A-Batch 1-410,Election Day,precinct-portion-1,ballot-type-1,0,0,0,0,0
410,Tabulator A,Batch 1,411,Tabulator A-Batch 1-411,Election Day,precinct-portion-1,ballot-type-1,1,1,1,1,1
411,Tabulator A,Batch 1,412,Tabulator A-Batch 1-412,Election Day,precinct-portion-1,ballot-type-1,1,0,0,0,0
412,Tabulator A,Batch 1,413,Tabulator A-Batch 1-413,Election Day,precinct-portion-1,ballot-type-1,1,1,1,1,1
413,Tabulator A,Batch 1,414,Tabulator A-Batch 1-414,Election Day,precinct-portion-1,ballot-type-1,1,1,1,1,1
414,Tabulator A,Batch 1,415,Tabulator A-Batch 1-415,Election Day,precinct-portion-1,ballot-type-1,1,1,1,1,1
415,Tabulator A,Batch 1,416,Tabulator A-Batch 1-416,Election Day,precinct-portion-1,ballot-type-1,0,0,0,0,0
416,Tabulator A,Batch 1,417,Tabulator A-Batch 1-417,Election Day,precinct-portion-1,ballot-type-1,0,0,1,0,0
417,Tabulator A,Batch 1,418,Tabulator A-Batch 1-418,Election Day,precinct-portion-1,ballot-type-1,1,1,1,1,1
418,Tabulator A,Batch 1,419,Tabulator A-Batch 1-419,Election Day,precinct-portion-1,ballot-type-1,1,1,1,1,1
419,Tabulator A,Batch 1,420,Tabulator A-Batch 1-420,Election Day,precinct-portion-1,ballot-type-1,1,1,1,1,1
420,Tabulator A,Batch 1,421,Tabulator A-Batch 1-421,Election Day,precinct-portion-1,ballot-type-1,0,0,0,0,0
421,Tabulator A,Batch 1,422,Tabulator A-Batch 1-422,Election Day,precinct-portion-1,ballot-type-1,0,0,0,0,0
422,Tabulator A,Batch 1,423,Tabulator A-Batch 1-423,Election Day,precinct-portion-1,ballot-type-1,0,0,1,0,0
423,Tabulator A,Batch 1,424,Tabulator A-Batch 1-424,Election Day,precinct-portion-1,ballot-type-1,1,1,1,1,1
424,Tabulator A,Batch 1,425,Tabulator A-Batch 1-425,Election Day,precinct-portion-1,ballot-type-1,1,1,1,1,1
425,Tabulator A,Batch 1,426,Tabulator A-Batch 1-426,Election Day,precinct-portion-1,ballot-type-1,0,0,0,0,0
426,Tabulator A,Batch 1,427,Tabulator A-Batch 1-427,Election Day,precinct-portion-1,ballot-type-1,1,1,1,1,1
427,Tabulator A,Batch 1,428,Tabulator A-Batch 1-428,Election Day,precinct-portion-1,ballot-type-1,0,0,0,0,0
428,Tabulator A,Batch 1,429,Tabulator A-Batch 1-429,Election Day,precinct-portion-1,ballot-type-1,0,0,0,0,0
429,Tabulator A,Batch 1,430,Tabulator A-Batch 1-430,Election Day,precinct-portion-1,ballot-type-1,0,0,1,0,0
430,Tabulator A,Batch 1,431,Tabulator A-Batch 1-431,Election Day,precinct-portion-1,ballot-type-1,1,1,1,1,1
431,Tabulator A,Batch 1,432,Tabulator A-Batch 1-432,Election Day,precinct-portion-1,ballot-type-1,1,1,1,1,1
432,Tabulator A,Batch 1,433,Tabulator A-Batch 1-433,Election Day,precinct-portion-1,ballot-type-1,0,0,1,0,0
433,Tabulator A,Batch 1,434,Tabulator A-Batch 1-434,Election Day,precinct-portion-1,ballot-type-1,0,0,0,0,0
434,Tabulator A,Batch 1,435,Tabulator A-Batch 1-435,Election Day,precinct-portion-1,ballot-type-1,0,0,0,0,0
435,Tabulator A,Batch 1,436,Tabulator A-Batch 1-436,Election Day,precinct-portion-1,ballot-type-1,0,0,0,0,0
436,Tabulator A,Batch 1,437,Tabulator A-Batch 1-437,Election Day,precinct-portion-1,ballot-type-1,0,0,0,0,0
437,Tabulator A,Batch 1,438,Tabulator A-Batch 1-438,Election Day,precinct-portion-1,ballot-type-1,0,0,0,0,0
438,Tabulator A,Batch 1,439,Tabulator A-Batch 1-439,Election Day,precinct-portion-1,ballot-type-1,1,1,1,1,1
439,Tabulator A,Batch 1,440,Tabulator A-Batch 1-440,Election Day,precinct-portion-1,ballot-type-1,1,0,0,0,0
440,Tabulator A,Batch 1,441,Tabulator A-Batch 1-441,Election Day,precinct-portion-1,ballot-type-1,0,0,0,0,0
441,Tabulator A,Batch 1,442,Tabulator A-Batch 1-442,Election Day,precinct-portion-1,ballot-type-1,0,0,1,0,0
442,Tabulator A,Batch 1,443,Tabulator A-Batch 1-443,Election Day,precinct-portion-1,ballot-type-1,0,0,0,0,0
443,Tabulator A,Batch 1,444,Tabulator A-Batch 1-444,Election Day,precinct-portion-1,ballot-type-1,1,1,1,1,1
444,Tabulator A,Batch 1,445,Tabulator A-Batch 1-445,Election Day,precinct-portion-1,ballot-type-1,1,1,1,1,1
445,Tabulator A,Batch 1,446,Tabulator A-Batch 1-446,Election Day,precinct-portion-1,ballot-type-1,0,0,0,0,0
446,Tabulator A,Batch 1,447,Tabulator A-Batch 1-447,Election Day,precinct-portion-1,ballot-type-1,0,0,0,0,0
447,Tabulator A,Batch 1,448,Tabulator A-Batch 1-448,Election Day,precinct-portion-1,ballot-type-1,1,1,1,1,1
448,Tabulator A,Batch 1,449,Tabulator A-Batch 1-449,Election Day,precinct-portion-1,ballot-type-1,0,0,1,0,0
449,Tabulator A,Batch 1,450,Tabulator A-Batch 1-450,Election Day,precinct-portion-1,ballot-type-1,0,0,0,0,0
450,Tabulator A,Batch 1,451,Tabulator A-Batch 1-451,Election Day,precinct-portion-1,ballot-type-1,1,1,1,1,1
451,Tabulator A,Batch 1,452,Tabulator A-Batch 1-452,Election Day,precinct-portion-1,ballot-type-1,0,0,1,0,0
452,Tabulator A,Batch 1,453,Tabulator A-Batch 1-453,Election Day,precinct-portion-1,ballot-type-1,0,0,1,0,0
453,Tabulator A,Batch 1,454,Tabulator A-Batch 1-454,Election Day,precinct-portion-1,ballot-type-1,1,1,1,1,1
454,Tabulator A,Batch 1,455,Tabulator A-Batch 1-455,Election Day,precinct-portion-1,ballot-type-1,0,0,1,0,0
455,Tabulator A,Batch 1,456,Tabulator A-Batch 1-456,Election Day,precinct-portion-1,ballot-type-1,1,1,1,1,1
456,Tabulator A,Batch 1,457,Tabulator A-Batch 1-457,Election Day,precinct-portion-1,ballot-type-1,1,1,1,1,1
457,Tabulator A,Batch 1,458,Tabulator A-Batch 1-458,Election Day,precinct-portion-1,ballot-type-1,1,1,1,1,1
458,Tabulator A,Batch 1,459,Tabulator A-Batch 1-459,Election Day,precinct-portion-1,ballot-type-1,1,1,1,1,1
459,Tabulator A,Batch 1,460,Tabulator A-Batch 1-460,Election Day,precinct-portion-1,ballot-type-1,0,0,1,0,0
460,Tabulator A,Batch 1,461,Tabulator A-Batch 1-461,Election Day,precinct-portion-1,ballot-type-1,0,0,0,0,0
461,Tabulator A,Batch 1,462,Tabulator A-Batch 1-462,Election Day,precinct-portion-1,ballot-type-1,0,0,0,0,0
462,Tabulator A,Batch 1,463,Tabulator A-Batch 1-463,Election Day,precinct-portion-1,ballot-type-1,0,0,0,0,0
463,Tabulator A,Batch 1,464,Tabulator A-Batch 1-464,Election Day,precinct-portion-1,ballot-type-1,1,1,1,1,1
464,Tabulator A,Batch 1,465,Tabulator A-Batch 1-465,Election Day,precinct-portion-1,ballot-type-1,0,0,1,0,0
465,Tabulator A,Batch 1,466,Tabulator A-Batch 1-466,Election Day,precinct-portion-1,ballot-type-1,0,0,1,0,0
466,Tabulator A,Batch 1,467,Tabulator A-Batch 1-467,Election Day,precinct-portion-1,ballot-type-1,0,0,0,0,0
467,Tabulator A,Batch 1,468,Tabulator A-Batch 1-468,Election Day,precinct-portion-1,ballot-type-1,1,1,1,1,1
468,Tabulator A,Batch 1,469,Tabulator A-Batch 1-469,Election Day,precinct-portion-1,ballot-type-1,1,0,0,0,0
469,Tabulator A,Batch 1,470,Tabulator A-Batch 1-470,Election Day,precinct-portion-1,ballot-type-1,1,1,1,1,1
470,Tabulator A,Batch 1,471,Tabulator A-Batch 1-471,Election Day,precinct-portion-1,ballot-type-1,1,1,1,1,1
471,Tabulator A,Batch 1,472,Tabulator A-Batch 1-472,Election Day,precinct-portion-1,ballot-type-1,0,0,0,0,0
472,Tabulator A,Batch 1,473,Tabulator A-Batch 1-473,Election Day,precinct-portion-1,ballot-type-1,1,1,1,1,1
473,Tabulator A,Batch 1,474,Tabulator A-Batch 1-474,Election Day,precinct-portion-1,ballot-type-1,1,1,1,1,1
474,Tabulator A,Batch 1,475,Tabulator A-Batch 1-475,Election Day,precinct-portion-1,ballot-type-1,0,0,1,0,0
475,Tabulator A,Batch 1,476,Tabulator A-Batch 1-476,Election Day,precinct-portion-1,ballot-type-1,0,0,1,0,0
476,Tabulator A,Batch 1,477,Tabulator A-Batch 1-477,Election Day,precinct-portion-1,ballot-type-1,1,1,1,1,1
477,Tabulator A,Batch 1,478,Tabulator A-Batch 1-478,Election Day,precinct-portion-1,ballot-type-1,1,1,1,1,1
478,Tabulator A,Batch 1,479,Tabulator A-Batch 1-479,Election Day,precinct-portion-1,ballot-type-1,0,0,0,0,0
479,Tabulator A,Batch 1,480,Tabulator A-Batch 1-480,Election Day,precinct-portion-1,ballot-type-1,0,0,1,0,0
480,Tabulator A,Batch 1,481,Tabulator A-Batch 1-481,Election Day,precinct-portion-1,ballot-type-1,0,0,0,0,0
481,Tabulator A,Batch 1,482,Tabulator A-Batch 1-482,Election Day,precinct-portion-1,ballot-type-1,0,0,1,0,0
482,Tabulator A,Batch 1,483,Tabulator A-Batch 1-483,Election Day,precinct-portion-1,ballot-type-1,0,0,0,0,0
483,Tabulator A,Batch 1,484,Tabulator A-Batch 1-484,Election Day,precinct-portion-1,ballot-type-1,1,1,1,1,1
484,Tabulator A,Batch 1,485,Tabulator A-Batch 1-485,Election Day,precinct-portion-1,ballot-type-1,1,1,1,1,1
485,Tabulator A,Batch 1,486,Tabulator A-Batch 1-486,Election Day,precinct-portion-1,ballot-type-1,0,0,1,0,0
486,Tabulator A,Batch 1,487,Tabulator A-Batch 1-487,Election Day,precinct-portion-1,ballot-type-1,1,0,0,0,0
487,Tabulator A,Batch 1,488,Tabulator A-Batch 1-488,Election Day,precinct-portion-1,ballot-type-1,1,1,1,1,1
488,Tabulator A,Batch 1,489,Tabulator A-Batch 1-489,Election Day,precinct-portion-1,ballot-type-1,0,0,0,0,0
489,Tabulator A,Batch 1,490,Tabulator A-Batch 1-490,Election Day,precinct-portion-1,ballot-type-1,0,0,0,0,0
490,Tabulator A,Batch 1,491,Tabulator A-Batch 1-491,Election Day,precinct-portion-1,ballot-type-1,1,1,1,1,1
491,Tabulator A,Batch 1,492,Tabulator A-Batch 1-492,Election Day,precinct-portion-1,ballot-type-1,1,1,1,1,1
492,Tabulator A,Batch 1,493,Tabulator A-Batch 1-493,Election Day,precinct-portion-1,ballot-type-1,1,1,1,1,1
493,Tabulator A,Batch 1,494,Tabulator A-Batch 1-494,Election Day,precinct-portion-1,ballot-type-1,1,1,1,1,1
494,Tabulator A,Batch 1,495,Tabulator A-Batch 1-495,Election Day,precinct-portion-1,ballot-type-1,1,1,1,1,1
495,Tabulator A,Batch 1,496,Tabulator A-Batch 1-496,Election Day,precinct-portion-1,ballot-type-1,1,1,1,1,1
496,Tabulator A,Batch 1,497,Tabulator A-Batch 1-497,Election Day,precinct-portion-1,ballot-type-1,1,0,0,0,0
497,Tabulator A,Batch 1,498,Tabulator A-Batch 1-498,Election Day,precinct-portion-1,ballot-type-1,0,0,1,0,0
498,Tabulator A,Batch 1,499,Tabulator A-Batch 1-499,Election Day,precinct-portion-1,ballot-type-1,0,0,0,0,0
499,Tabulator A,Batch 1,500,Tabulator A-Batch 1-500,Election Day,precinct-portion-1,ballot-type-1,0,0,1,0,0
500,Tabulator A,Batch 1,501,Tabulator A-Batch 1-501,Election Day,precinct-portion-1,ballot-type-1,1,1,1,1,1
501,Tabulator A,Batch 1,502,Tabulator A-Batch 1-502,Election Day,precinct-portion-1,ballot-type-1,1,1,1,1,1
502,Tabulator A,Batch 1,503,Tabulator A-Batch 1-503,Election Day,precinct-portion-1,ballot-type-1,1,1,1,1,1
503,Tabulator A,Batch 1,504,Tabulator A-Batch 1-504,Election Day,precinct-portion-1,ballot-type-1,0,0,0,0,0
504,Tabulator A,Batch 1,505,Tabulator A-Batch 1-505,Election Day,precinct-portion-1,ballot-type-1,0,0,0,0,0
505,Tabulator A,Batch 1,506,Tabulator A-Batch 1-506,Election Day,precinct-portion-1,ballot-type-1,1,1,1,1,1
506,Tabulator A,Batch 1,507,Tabulator A-Batch 1-507,Election Day,precinct-portion-1,ballot-type-1,1,1,1,1,1
507,Tabulator A,Batch 1,508,Tabulator A-Batch 1-508,Election Day,precinct-portion-1,ballot-type-1,1,1,1,1,1
508,Tabulator A,Batch 1,509,Tabulator A-Batch 1-509,Election Day,precinct-portion-1,ballot-type-1,1,1,1,1,1
509,Tabulator A,Batch 1,510,Tabulator A-Batch 1-510,Election Day,precinct-portion-1,ballot-type-1,0,0,0,0,0
510,Tabulator A,Batch 1,511,Tabulator A-Batch 1-511,Election Day,precinct-portion-1,ballot-type-1,0,0,0,0,0
511,Tabulator A,Batch 1,512,Tabulator A-Batch 1-512,Election Day,precinct-portion-1,ballot-type-1,0,0,0,0,0
512,Tabulator A,Batch 1,513,Tabulator A-Batch 1-513,Election Day,precinct-portion-1,ballot-type-1,0,0,1,0,0
513,Tabulator A,Batch 1,514,Tabulator A-Batch 1-514,Election Day,precinct-portion-1,ballot-type-1,1,1,1,1,1
514,Tabulator A,Batch 1,515,Tabulator A-Batch 1-515,Election Day,precinct-portion-1,ballot-type-1,1,1,1,1,1
515,Tabulator A,Batch 1,516,Tabulator A-Batch 1-516,Election Day,precinct-portion-1,ballot-type-1,0,0,1,0,0
516,Tabulator A,Batch 1,517,Tabulator A-Batch 1-517,Election Day,precinct-portion-1,ballot-type-1,0,0,0,0,0
517,Tabulator A,Batch 1,518,Tabulator A-Batch 1-518,Election Day,precinct-portion-1,ballot-type-1,0,0,1,0,0
518,Tabulator A,Batch 1,519,Tabulator A-Batch 1-519,Election Day,precinct-portion-1,ballot-type-1,0,0,0,0,0
519,Tabulator A,Batch 1,520,Tabulator A-Batch 1-520,Election Day,precinct-portion-1,ballot-type-1,1,1,1,1,1
520,Tabulator A,Batch 1,521,Tabulator A-Batch 1-521,Election Day,precinct-portion-1,ballot-type-1,0,0,0,0,0
521,Tabulator A,Batch 1,522,Tabulator A-Batch 1-522,Election Day,precinct-portion-1,ballot-type-1,1,1,1,1,1
522,Tabulator A,Batch 1,523,Tabulator A-Batch 1-523,Election Day,precinct-portion-1,ballot-type-1,0,0,1,0,0
523,Tabulator A,Batch 1,524,Tabulator A-Batch 1-524,Election Day,precinct-portion-1,ballot-type-1,1,0,0,0,0
524,Tabulator A,Batch 1,525,Tabulator A-Batch 1-525,Election Day,precinct-portion-1,ballot-type-1,0,0,0,0,0
525,Tabulator A,Batch 1,526,Tabulator A-Batch 1-526,Election Day,precinct-portion-1,ballot-type-1,1,0,0,0,0
526,Tabulator A,Batch 1,527,Tabulator A-Batch 1-527,Election Day,precinct-portion-1,ballot-type-1,1,1,1,1,1
527,Tabulator A,Batch 1,528,Tabulator A-Batch 1-528,Election Day,precinct-portion-1,ballot-type-1,0,0,1,0,0
528,Tabulator A,Batch 1,529,Tabulator A-Batch 1-529,Election Day,precinct-portion-1,ballot-type-1,1,1,1,1,1
529,Tabulator A,Batch 1,530,Tabulator A-Batch 1-530,Election Day,precinct-portion-1,ballot-type-1,1,1,1,1,1
530,Tabulator A,Batch 1,531,Tabulator A-Batch 1-531,Election Day,precinct-portion-1,ballot-type-1,1,0,0,0,0
531,Tabulator A,Batch 1,532,Tabulator A-Batch 1-532,Election Day,precinct-portion-1,ballot-type-1,1,1,1,1,1
532,Tabulator A,Batch 1,533,Tabulator A-Batch 1-533,Election Day,precinct-portion-1,ballot-type-1,1,1,1,1,1
533,Tabulator A,Batch 1,534,Tabulator A-Batch 1-534,Election Day,precinct-portion-1,ballot-type-1,0,0,0,0,0
534,Tabulator A,Batch 1,535,Tabulator A-Batch 1-535,Election Day,precinct-portion-1,ballot-type-1,1,1,1,1,1
535,Tabulator A,Batch 1,536,Tabulator A-Batch 1-536,Election Day,precinct-portion-1,ballot-type-1,1,0,0,0,0
536,Tabulator A,Batch 1,537,Tabulator A-Batch 1-537,Election Day,precinct-portion-1,ballot-type-1,0,0,0,0,0
537,Tabulator A,Batch 1,538,Tabulator A-Batch 1-538,Election Day,precinct-portion-1,ballot-type-1,1,1,1,1,1
538,Tabulator A,Batch 1,539,Tabulator A-Batch 1-539,Election Day,precinct-portion-1,ballot-type-1,0,0,1,0,0
539,Tabulator A,Batch 1,540,Tabulator A-Batch 1-540,Election Day,precinct-portion-1,ballot-type-1,1,0,0,0,0
540,Tabulator A,Batch 1,541,Tabulator A-Batch 1-541,Election Day,precinct-portion-1,ballot-type-1,1,1,1,1,1
541,Tabulator A,Batch 1,542,Tabulator A-Batch 1-542,Election Day,precinct-portion-1,ballot-type-1,0,0,0,0,0
542,Tabulator A,Batch 1,543,Tabulator A-Batch 1-543,Election Day,precinct-portion-1,ballot-type-1,0,0,0,0,0
543,Tabulator A,Batch 1,544,Tabulator A-Batch 1-544,Election Day,precinct-portion-1,ballot-type-1,0,0,1,0,0
544,Tabulator A,Batch 1,545,Tabulator A-Batch 1-545,Election Day,precinct-portion-1,ballot-type-1,1,1,1,1,1
545,Tabulator A,Batch 1,546,Tabulator A-Batch 1-546,Election Day,precinct-portion-1,ballot-type-1,0,0,0,0,0
546,Tabulator A,Batch 1,547,Tabulator A-Batch 1-547,Election Day,precinct-portion-1,ballot-type-1,0,0,0,0,0
547,Tabulator A,Batch 1,548,Tabulator A-Batch 1-548,Election Day,precinct-portion-1,ballot-type-1,1,1,1,1,1
548,Tabulator A,Batch 1,549,Tabulator A-Batch 1-549,Election Day,precinct-portion-1,ballot-type-1,0,0,1,0,0
549,Tabulator A,Batch 1,550,Tabulator A-Batch 1-550,Election Day,precinct-portion-1,ballot-type-1,1,1,1,1,1
550,Tabulator A,Batch 1,551,Tabulator A-Batch 1-551,Election Day,precinct-portion-1,ballot-type-1,1,1,1,1,1
551,Tabulator A,Batch 1,552,Tabulator A-Batch 1-552,Election Day,precinct-portion-1,ballot-type-1,1,1,1,1,1
552,Tabulator A,Batch 1,553,Tabulator A-Batch 1-553,Election Day,precinct-portion-1,ballot-type-1,0,0,0,0,0
553,Tabulator A,Batch 1,554,Tabulator A-Batch 1-554,Election Day,precinct-portion-1,ballot-type-1,1,1,1,1,1
554,Tabulator A,Batch 1,555,Tabulator A-Batch 1-555,Election Day,precinct-portion-1,ballot-type-1,0,0,0,0,0
555,Tabulator A,Batch 1,556,Tabulator A-Batch 1-556,Election Day,precinct-portion-1,ballot-type-1,0,0,0,0,0
556,Tabulator A,Batch 1,557,Tabulator A-Batch 1-557,Election Day,precinct-portion-1,ballot-type-1,1,1,1,1,1
557,Tabulator A,Batch 1,558,Tabulator A-Batch 1-558,Election Day,precinct-portion-1,ballot-type-1,1,1,1,1,1
558,Tabulator A,Batch 1,559,Tabulator A-Batch 1-559,Election Day,precinct-portion-1,ballot-type-1,1,1,1,1,1
559,Tabulator A,Batch 1,560,Tabulator A-Batch 1-560,Election Day,precinct-portion-1,ballot-type-1,0,0,1,0,0
560,Tabulator A,Batch 1,561,Tabulator A-Batch 1-561,Election Day,precinct-portion-1,ballot-type-1,0,0,0,0,0
561,Tabulator A,Batch 1,562,Tabulator A-Batch 1-562,Election Day,precinct-portion-1,ballot-type-1,1,1,1,1,1
562,Tabulator A,Batch 1,563,Tabulator A-Batch 1-563,Election Day,precinct-portion-1,ballot-type-1,1,1,1,1,1
563,Tabulator A,Batch 1,564,Tabulator A-Batch 1-564,Election Day,precinct-portion-1,ballot-type-1,1,1,1,1,1
564,Tabulator A,Batch 1,565,Tabulator A-Batch 1-565,Election Day,precinct-portion-1,ballot-type-1,0,0,0,0,0
565,Tabulator A,Batch 1,566,Tabulator A-Batch 1-566,Election Day,precinct-portion-1,ballot-type-1,0,0,0,0,0
566,Tabulator A,Batch 1,567,Tabulator A-Batch 1-567,Election Day,precinct-portion-1,ballot-type-1,0,0,0,0,0
567,Tabulator A,Batch 1,568,Tabulator A-Batch 1-568,Election Day,precinct-portion-1,ballot-type-1,0,0,1,0,0
568,Tabulator A,Batch 1,569,Tabulator A-Batch 1-569,Election Day,precinct-portion-1,ballot-type-1,0,0,0,0,0
569,Tabulator A,Batch 1,570,Tabulator A-Batch 1-570,Election Day,precinct-portion-1,ballot-type-1,0,0,1,0,0
570,Tabulator A,Batch 1,571,Tabulator A-Batch 1-571,Election Day,precinct-portion-1,ballot-type-1,1,1,1,1,1
571,Tabulator A,Batch 1,572,Tabulator A-Batch 1-572,Election Day,precinct-portion-1,ballot-type-1,0,0,1,0,0
572,Tabulator A,Batch 1,573,Tabulator A-Batch 1-573,Election Day,precinct-portion-1,ballot-type-1,0,0,1,0,0
573,Tabulator A,Batch 1,574,Tabulator A-Batch 1-574,Election Day,precinct-portion-1,ballot-type-1,0,0,1,0,0
574,Tabulator A,Batch 1,575,Tabulator A-Batch 1-575,Election Day,precinct-portion-1,ballot-type-1,1,0,0,0,0
575,Tabulator A,Batch 1,576,Tabulator A-Batch 1-576,Election Day,precinct-portion-1,ballot-type-1,0,0,1,0,0
576,Tabulator A,Batch 1,577,Tabulator A-Batch 1-577,Election Day,precinct-portion-1,ballot-type-1,0,0,0,0,0
577,Tabulator A,Batch 1,578,Tabulator A-Batch 1-578,Election Day,precinct-portion-1,ballot-type-1,0,0,0,0,0
578,Tabulator A,Batch 1,579,Tabulator A-Batch 1-579,Election Day,precinct-portion-1,ballot-type-1,1,1,1,1,1
579,Tabulator A,Batch 1,580,Tabulator A-Batch 1-580,Election Day,precinct-portion-1,ballot-type-1,0,0,0,0,0
580,Tabulator A,Batch 1,581,Tabulator A-Batch 1-581,Election Day,precinct-portion-1,ballot-type-1,1,1,1,1,1
581,Tabulator A,Batch 1,582,Tabulator A-Batch 1-582,Election Day,precinct-portion-1,ballot-type-1,0,0,0,0,0
582,Tabulator A,Batch 1,583,Tabulator A-Batch 1-583,Election Day,precinct-portion-1,ballot-type-1,0,0,1,0,0
583,Tabulator A,Batch 1,584,Tabulator A-Batch 1-584,Election Day,precinct-portion-1,ballot-type-1,0,0,1,0,0
584,Tabulator A,Batch 1,585,Tabulator A-Batch 1-585,Election Day,precinct-portion-1,ballot-type-1,1,1,1,1,1
585,Tabulator A,Batch 1,586,Tabulator A-Batch 1-586,Election Day,precinct-portion-1,ballot-type-1,0,0,0,0,0
586,Tabulator A,Batch 1,587,Tabulator A-Batch 1-587,Election Day,precinct-portion-1,ballot-type-1,0,0,1,0,0
587,Tabulator A,Batch 1,588,Tabulator A-Batch 1-588,Election Day,precinct-portion-1,ballot-type-1,0,0,0,0,0
588,Tabulator A,Batch 1,589,Tabulator A-Batch 1-589,Election Day,precinct-portion-1,ballot-type-1,0,0,1,0,0
589,Tabulator A,Batch 1,590,Tabulator A-Batch 1-590,Election Day,precinct-portion-1,ballot-type-1,0,0,1,0,0
590,Tabulator A,Batch 1,591,Tabulator A-Batch 1-591,Election Day,precinct-portion-1,ballot-type-1,0,0,0,0,0
591,Tabulator A,Batch 1,592,Tabulator A-Batch 1-592,Election Day,precinct-portion-1,ballot-type-1,0,0,0,0,0
592,Tabulator A,Batch 1,593,Tabulator A-Batch 1-593,Election Day,precinct-portion-1,ballot-type-1,0,0,1,0,0
593,Tabulator A,Batch 1,594,Tabulator A-Batch 1-594,Election Day,precinct-portion-1,ballot-type-1,0,0,0,0,0
594,Tabulator A,Batch 1,595,Tabulator A-Batch 1-595,Election Day,precinct-portion-1,ballot-type-1,0,0,1,0,0
595,Tabulator A,Batch 1,596,Tabulator A-Batch 1-596,Election Day,precinct-portion-1,ballot-type-1,1,1,1,1,1
596,Tabulator A,Batch 1,597,Tabulator A-Batch 1-597,Election Day,precinct-portion-1,ballot-type-1,0,0,0,0,0
597,Tabulator A,Batch 1,598,Tabulator A-Batch 1-598,Election Day,precinct-portion-1,ballot-type-1,0,0,1,0,0
598,Tabulator A,Batch 1,599,Tabulator A-Batch 1-599,Election Day,precinct-portion-1,ballot-type-1,0,0,0,0,0
599,Tabulator A,Batch 1,600,Tabulator A-Batch 1-600,Election Day,precinct-portion-1,ballot-type-1,1,1,1,1,1
600,Tabulator A,Batch 1,601,Tabulator A-Batch 1-601,Election Day,precinct-portion-1,ballot-type-1,0,0,0,0,0
601,Tabulator A,Batch 1,602,Tabulator A-Batch 1-602,Election Day,precinct-portion-1,ballot-type-1,1,1,1,1,1
602,Tabulator A,Batch 1,603,Tabulator A-Batch 1-603,Election Day,precinct-portion-1,ballot-type-1,1,1,1,1,1
603,Tabulator A,Batch 1,604,Tabulator A-Batch 1-604,Election Day,precinct-portion-1,ballot-type-1,0,0,0,0,0
604,Tabulator A,Batch 1,605,Tabulator A-Batch 1-605,Election Day,precinct-portion-1,ballot-type-1,0,0,0,0,0
605,Tabulator A,Batch 1,606,Tabulator A-Batch 1-606,Election Day,precinct-portion-1,ballot-type-1,1,1,1,1,1
606,Tabulator A,Batch 1,607,Tabulator A-Batch 1-607,Election Day,precinct-portion-1,ballot-type-1,1,1,1,1,1
607,Tabulator A,Batch 1,608,Tabulator A-Batch 1-608,Election Day,precinct-portion-1,ballot-type-1,0,0,1,0,0
608,Tabulator A,Batch 1,609,Tabulator A-Batch 1-609,Election Day,precinct-portion-1,ballot-type-1,0,0,0,0,0
609,Tabulator A,Batch 1,610,Tabulator A-Batch 1-610,Election Day,precinct-portion-1,ballot-type-1,1,1,1,1,1
610,Tabulator A,Batch 1,611,Tabulator A-Batch 1-611,Election Day,precinct-portion-1,ballot-type-1,0,0,0,0,0
611,Tabulator A,Batch 1,612,Tabulator A-Batch 1-612,Election Day,precinct-portion-1,ballot-type-1,1,1,1,1,1
612,Tabulator A,Batch 1,613,Tabulator A-Batch 1-613,Election Day,precinct-portion-1,ballot-type-1,0,0,0,0,0
613,Tabulator A,Batch 1,614,Tabulator A-Batch 1-614,Election Day,precinct-portion-1,ballot-type-1,1,1,1,1,1
614,Tabulator A,Batch 1,615,Tabulator A-Batch 1-615,Election Day,precinct-portion-1,ballot-type-1,1,1,1,1,1
615,Tabulator A,Batch 1,616,Tabulator A-Batch 1-616,Election Day,precinct-portion-1,ballot-type-1,1,0,0,0,0
616,Tabulator A,Batch 1,617,Tabulator A-Batch 1-617,Election Day,precinct-portion-1,ballot-type-1,0,0,1,0,0
617,Tabulator A,Batch 1,618,Tabulator A-Batch 1-618,Election Day,precinct-portion-1,ballot-type-1,1,1,1,1,1
618,Tabulator A,Batch 1,619,Tabulator A-Batch 1-619,Election Day,precinct-portion-1,ballot-type-1,0,0,1,0,0
619,Tabulator A,Batch 1,620,Tabulator A-Batch 1-620,Election Day,precinct-portion-1,ballot-type-1,0,0,0,0,0
620,Tabulator A,Batch 1,621,Tabulator A-Batch 1-621,Election Day,precinct-portion-1,ballot-type-1,0,0,1,0,0
621,Tabulator A,Batch 1,622,Tabulator A-Batch 1-622,Election Day,precinct-portion-1,ballot-type-1,1,1,1,1,1
622,Tabulator A,Batch 1,623,Tabulator A-Batch 1-623,Election Day,precinct-portion-1,ballot-type-1,1,1,1,1,1
623,Tabulator A,Batch 1,624,Tabulator A-Batch 1-624,Election Day,precinct-portion-1,ballot-type-1,0,0,0,0,0
624,Tabulator A,Batch 1,625,Tabulator A-Batch 1-625,Election Day,precinct-portion-1,ballot-type-1,0,0,0,0,0
625,Tabulator A,Batch 1,626,Tabulator A-Batch 1-626,Election Day,precinct-portion-1,ballot-type-1,0,0,0,0,0
626,Tabulator A,Batch 1,627,Tabulator A-Batch 1-627,Election Day,precinct-portion-1,ballot-type-1,0,0,0,0,0
627,Tabulator A,Batch 1,628,Tabulator A-Batch 1-628,Election Day,precinct-portion-1,ballot-type-1,0,0,1,0,0
628,Tabulator A,Batch 1,629,Tabulator A-Batch 1-629,Election Day,precinct-portion-1,ballot-type-1,1,1,1,1,1
629,Tabulator A,Batch 1,630,Tabulator A-Batch 1-630,Election Day,precinct-portion-1,ballot-type-1,0,0,1,0,0
630,Tabulator A,Batch 1,631,Tabulator A-Batch 1-631,Election Day,precinct-portion-1,ballot-type-1,1,1,1,1,1
631,Tabulator A,Batch 1,632,Tabulator A-Batch 1-632,Election Day,precinct-portion-1,ballot-type-1,1,1,1,1,1
632,Tabulator A,Batch 1,633,Tabulator A-Batch 1-633,Election Day,precinct-portion-1,ballot-type-1,0,0,1,0,0
633,Tabulator A,Batch 1,634,Tabulator A-Batch 1-634,Election Day,precinct-portion-1,ballot-type-1,1,0,0,0,0
634,Tabulator A,Batch 1,635,Tabulator A-Batch 1-635,Election Day,precinct-portion-1,ballot-type-1,1,1,1,1,1
635,Tabulator A,Batch 1,636,Tabulator A-Batch 1-636,Election Day,precinct-portion-1,ballot-type-1,1,0,0,0,0
636,Tabulator A,Batch 1,637,Tabulator A-Batch 1-637,Election Day,precinct-portion-1,ballot-type-1,1,1,1,1,1
637,Tabulator A,Batch 1,638,Tabulator A-Batch 1-638,Election Day,precinct-portion-1,ballot-type-1,0,0,0,0,0
638,Tabulator A,Batch 1,639,Tabulator A-Batch 1-639,Election Day,precinct-portion-1,ballot-type-1,1,0,0,0,0
639,Tabulator A,Batch 1,640,Tabulator A-Batch 1-640,Election Day,precinct-portion-1,ballot-type-1,0,0,0,0,0
640,Tabulator A,Batch 1,641,Tabulator A-Batch 1-641,Election Day,precinct-portion-1,ballot-type-1,0,0,1,0,0
641,Tabulator A,Batch 1,642,Tabulator A-Batch 1-642,Election Day,precinct-portion-1,ballot-type-1,0,0,0,0,0
642,Tabulator A,Batch 1,643,Tabulator A-Batch 1-643,Election Day,precinct-portion-1,ballot-type-1,1,1,1,1,1
643,Tabulator A,Batch 1,644,Tabulator A-Batch 1-644,Election Day,precinct-portion-1,ballot-type-1,0,0,0,0,0
644,Tabulator A,Batch 1,645,Tabulator A-Batch 1-645,Election Day,precinct-portion-1,ballot-type-1,1,1,1,1,1
645,Tabulator A,Batch 1,646,Tabulator A-Batch 1-646,Election Day,precinct-portion-1,ballot-type-1,1,1,1,1,1
646,Tabulator A,Batch 1,647,Tabulator A-Batch 1-647,Election Day,precinct-portion-1,ballot-type-1,0,0,0,0,0
647,Tabulator A,Batch 1,648,Tabulator A-Batch 1-648,Election Day,precinct-portion-1,ballot-type-1,0,0,1,0,0
648,Tabulator A,Batch 1,649,Tabulator A-Batch 1-649,Election Day,precinct-portion-1,ballot-type-1,1,0,0,0,0
649,Tabulator A,Batch 1,650,Tabulator A-Batch 1-650,Election Day,precinct-portion-1,ballot-type-1,1,1,1,1,1
650,Tabulator A,Batch 1,651,Tabulator A-Batch 1-651,Election Day,precinct-portion-1,ballot-type-1,0,0,1,0,0
651,Tabulator A,Batch 1,652,Tabulator A-Batch 1-652,Election Day,precinct-portion-1,ballot-type-1,0,0,0,0,0
652,Tabulator A,Batch 1,653,Tabulator A-Batch 1-653,Election Day,precinct-portion-1,ballot-type-1,0,0,0,0,0
653,Tabulator A,Batch 1,654,Tabulator A-Batch 1-654,Election Day,precinct-portion-1,ballot-type-1,0,0,0,0,0
654,Tabulator A,Batch 1,655,Tabulator A-Batch 1-655,Election Day,precinct-portion-1,ballot-type-1,0,0,1,0,0
655,Tabulator A,Batch 1,656,Tabulator A-Batch 1-656,Election Day,precinct-portion-1,ballot-type-1,0,0,0,0,0
656,Tabulator A,Batch 1,657,Tabulator A-Batch 1-657,Election Day,precinct-portion-1,ballot-type-1,0,0,1,0,0
657,Tabulator A,Batch 1,658,Tabulator A-Batch 1-658,Election Day,precinct-portion-1,ballot-type-1,0,0,0,0,0
658,Tabulator A,Batch 1,659,Tabulator A-Batch 1-659,Election Day,precinct-portion-1,ballot-type-1,0,0,1,0,0
659,Tabulator A,Batch 1,660,Tabulator A-Batch 1-660,Election Day,precinct-portion-1,ballot-type-1,1,1,1,1,1
660,Tabulator A,Batch 1,661,Tabulator A-Batch 1-661,Election Day,precinct-portion-1,ballot-type-1,0,0,0,0,0
661,Tabulator A,Batch 1,662,Tabulator A-Batch 1-662,Election Day,precinct-portion-1,ballot-type-1,0,0,0,0,0
662,Tabulator A,Batch 1,663,Tabulator A-Batch 1-663,Election Day,precinct-portion-1,ballot-type-1,0,0,1,0,0
663,Tabulator A,Batch 1,664,Tabulator A-Batch 1-664,Election Day,precinct-portion-1,ballot-type-1,1,0,0,0,0
664,Tabulator A,Batch 1,665,Tabulator A-Batch 1-665,Election Day,precinct-portion-1,ballot-type-1,1,1,1,1,1
665,Tabulator A,Batch 1,666,Tabulator A-Batch 1-666,Election Day,precinct-portion-1,ballot-type-1,0,0,0,0,0
666,Tabulator A,Batch 1,667,Tabulator A-Batch 1-667,Election Day,precinct-portion-1,ballot-type-1,1,1,1,1,1
667,Tabulator A,Batch 1,668,Tabulator A-Batch 1-668,Election Day,precinct-portion-1,ballot-type-1,0,0,1,0,0
668,Tabulator A,Batch 1,669,Tabulator A-Batch 1-669,Election Day,precinct-portion-1,ballot-type-1,0,0,0,0,0
669,Tabulator A,Batch 1,670,Tabulator A-Batch 1-670,Election Day,precinct-portion-1,ballot-type-1,0,0,1,0,0
670,Tabulator A,Batch 1,671,Tabulator A-Batch 1-671,Election Day,precinct-portion-1,ballot-type-1,0,0,0,0,0
671,Tabulator B,Batch 2,1,Tabulator B-Batch 2-1,Election Day,precinct-portion-1,ballot-type-1,0,0,0,0,0
672,Tabulator B,Batch 2,2,Tabulator B-Batch 2-2,Election Day,precinct-portion-1,ballot-type-1,1,1,1,1,1
673,Tabulator B,Batch 2,3,Tabulator B-Batch 2-3,Election Day,precinct-portion-1,ballot-type-1,0,0,1,0,0
674,Tabulator B,Batch 2,4,Tabulator B-Batch 2-4,Election Day,precinct-portion-1,ballot-type-1,1,1,1,1,1
675,Tabulator B,Batch 2,5,Tabulator B-Batch 2-5,Election Day,precinct-portion-1,ballot-type-1,1,0,0,0,0
676,Tabulator B,Batch 2,6,Tabulator B-Batch 2-6,Election Day,precinct-portion-1,ballot-type-1,1,1,1,1,1
677,Tabulator B,Batch 2,7,Tabulator B-Batch 2-7,Election Day,precinct-portion-1,ballot-type-1,1,1,1,1,1
678,Tabulator B,Batch 2,8,Tabulator B-Batch 2-8,Election Day,precinct-portion-1,ballot-type-1,1,1,1,1,1
679,Tabulator B,Batch 2,9,Tabulator B-Batch 2-9,Election Day,precinct-portion-1,ballot-type-1,1,0,0,0,0
680,Tabulator B,Batch 2,10,Tabulator B-Batch 2-10,Election Day,precinct-portion-1,ballot-type-1,0,0,1,0,0
681,Tabulator B,Batch 2,11,Tabulator B-Batch 2-11,Election Day,precinct-portion-1,ballot-type-1,0,0,1,0,0
682,Tabulator B,Batch 2,12,Tabulator B-Batch 2-12,Election Day,precinct-portion-1,ballot-type-1,0,0,0,0,0
683,Tabulator B,Batch 2,13,Tabulator B-Batch 2-13,Election Day,precinct-portion-1,ballot-type-1,0,0,0,0,0
684,Tabulator B,Batch 2,14,Tabulator B-Batch 2-14,Election Day,precinct-portion-1,ballot-type-1,0,0,0,0,0
685,Tabulator B,Batch 2,15,Tabulator B-Batch 2-15,Election Day,precinct-portion-1,ballot-type-1,0,0,1,0,0
686,Tabulator B,Batch 2,16,Tabulator B-Batch 2-16,Election Day,precinct-portion-1,ballot-type-1,0,0,0,0,0
687,Tabulator B,Batch 2,17,Tabulator B-Batch 2-17,Election Day,precinct-portion-1,ballot-type-1,0,0,0,0,0
688,Tabulator B,Batch 2,18,Tabulator B-Batch 2-18,Election Day,precinct-portion-1,ballot-type-1,0,0,0,0,0
689,Tabulator B,Batch 2,19,Tabulator B-Batch 2-19,Election Day,precinct-portion-1,ballot-type-1,0,0,0,0,0
690,Tabulator B,Batch 2,20,Tabulator B-Batch 2-20,Election Day,precinct-portion-1,ballot-type-1,0,0,0,0,0
691,Tabulator B,Batch 2,21,Tabulator B-Batch 2-21,Election Day,precinct-portion-1,ballot-type-1,1,1,1,1,1
692,Tabulator B,Batch 2,22,Tabulator B-Batch 2-22,Election Day,precinct-portion-1,ballot-type-1,1,1,1,1,1
693,Tabulator B,Batch 2,23,Tabulator B-Batch 2-23,Election Day,precinct-portion-1,ballot-type-1,1,1,1,1,1
694,Tabulator B,Batch 2,24,Tabulator B-Batch 2-24,Election Day,precinct-portion-1,ballot-type-1,1,1,1,1,1
695,Tabulator B,Batch 2,25,Tabulator B-Batch 2-25,Election Day,precinct-portion-1,ballot-type-1,1,1,1,1,1
696,Tabulator B,Batch 2,26,Tabulator B-Batch 2-26,Election Day,precinct-portion-1,ballot-type-1,1,1,1,1,1
697,Tabulator B,Batch 2,27,Tabulator B-Batch 2-27,Election Day,precinct-portion-1,ballot-type-1,0,0,0,0,0
698,Tabulator B,Batch 2,28,Tabulator B-Batch 2-28,Election Day,precinct-portion-1,ballot-type-1,0,0,0,0,0
699,Tabulator B,Batch 2,29,Tabulator B-Batch 2-29,Election Day,precinct-portion-1,ballot-type-1,0,0,0,0,0
700,Tabulator B,Batch 2,30,Tabulator B-Batch 2-30,Election Day,precinct-portion-1,ballot-type-1,1,1,1,1,1
701,Tabulator B,Batch 2,31,Tabulator B-Batch 2-31,Election Day,precinct-portion-1,ballot-type-1,0,0,0,0,0
702,Tabulator B,Batch 2,32,Tabulator B-Batch 2-32,Election Day,precinct-portion-1,ballot-type-1,0,0,0,0,0
703,Tabulator B,Batch 2,33,Tabulator B-Batch 2-33,Election Day,precinct-portion-1,ballot-type-1,0,0,1,0,0
704,Tabulator B,Batch 2,34,Tabulator B-Batch 2-34,Election Day,precinct-portion-1,ballot-type-1,0,0,0,0,0
705,Tabulator B,Batch 2,35,Tabulator B-Batch 2-35,Election Day,precinct-portion-1,ballot-type-1,0,0,1,0,0
706,Tabulator B,Batch 2,36,Tabulator B-Batch 2-36,Election Day,precinct-portion-1,ballot-type-1,1,1,1,1,1
707,Tabulator B,Batch 2,37,Tabulator B-Batch 2-37,Election Day,precinct-portion-1,ballot-type-1,1,1,1,1,1
708,Tabulator B,Batch 2,38,Tabulator B-Batch 2-38,Election Day,precinct-portion-1,ballot-type-1,1,1,1,1,1
709,Tabulator B,Batch 2,39,Tabulator B-Batch 2-39,Election Day,precinct-portion-1,ballot-type-1,0,0,0,0,0
710,Tabulator B,Batch 2,40,Tabulator B-Batch 2-40,Election Day,precinct-portion-1,ballot-type-1,1,1,1,1,1
711,Tabulator B,Batch 2,41,Tabulator B-Batch 2-41,Election Day,precinct-portion-1,ballot-type-1,0,0,0,0,0
712,Tabulator B,Batch 2,42,Tabulator B-Batch 2-42,Election Day,precinct-portion-1,ballot-type-1,1,1,1,1,1
713,Tabulator B,Batch 2,43,Tabulator B-Batch 2-43,Election Day,precinct-portion-1,ballot-type-1,1,1,1,1,1
714,Tabulator B,Batch 2,44,Tabulator B-Batch 2-44,Election Day,precinct-portion-1,ballot-type-1,1,1,1,1,1
715,Tabulator B,Batch 2,45,Tabulator B-Batch 2-45,Election Day,precinct-portion-1,ballot-type-1,1,1,1,1,1
716,Tabulator B,Batch 2,46,Tabulator B-Batch 2-46,Election Day,precinct-portion-1,ballot-type-1,0,0,0,0,0
717,Tabulator B,Batch 2,47,Tabulator B-Batch 2-47,Election Day,precinct-portion-1,ballot-type-1,1,1,1,1,1
718,Tabulator B,Batch 2,48,Tabulator B-Batch 2-48,Election Day,precinct-portion-1,ballot-type-1,1,0,0,0,0
719,Tabulator B,Batch 2,49,Tabulator B-Batch 2-49,Election Day,precinct-portion-1,ballot-type-1,0,0,0,0,0
720,Tabulator B,Batch 2,50,Tabulator B-Batch 2-50,Election Day,precinct-portion-1,ballot-type-1,0,0,1,0,0
721,Tabulator B,Batch 2,51,Tabulator B-Batch 2-51,Election Day,precinct-portion-1,ballot-type-1,1,1,1,1,1
722,Tabulator B,Batch 2,52,Tabulator B-Batch 2-52,Election Day,precinct-portion-1,ballot-type-1,0,0,0,0,0
723,Tabulator B,Batch 2,53,Tabulator B-Batch 2-53,Election Day,precinct-portion-1,ballot-type-1,0,0,0,0,0
724,Tabulator B,Batch 2,54,Tabulator B-Batch 2-54,Election Day,precinct-portion-1,ballot-type-1,0,0,0,0,0
725,Tabulator B,Batch 2,55,Tabulator B-Batch 2-55,Election Day,precinct-portion-1,ballot-type-1,0,0,1,0,0
726,Tabulator B,Batch 2,56,Tabulator B-Batch 2-56,Election Day,precinct-portion-1,ballot-type-1,0,0,0,0,0
727,Tabulator B,Batch 2,57,Tabulator B-Batch 2-57,Election Day,precinct-portion-1,ballot-type-1,1,1,1,1,1
728,Tabulator B,Batch 2,58,Tabulator B-Batch 2-58,Election Day,precinct-portion-1,ballot-type-1,0,0,1,0,0
729,Tabulator B,Batch 2,59,Tabulator B-Batch 2-59,Election Day,precinct-portion-1,ballot-type-1,0,0,1,0,0
730,Tabulator B,Batch 2,60,Tabulator B-Batch 2-60,Election Day,precinct-portion-1,ballot-type-1,0,0,0,0,0
731,Tabulator B,Batch 2,61,Tabulator B-Batch 2-61,Election Day,precinct-portion-1,ballot-type-1,1,1,1,1,1
732,Tabulator B,Batch 2,62,Tabulator B-Batch 2-62,Election Day,precinct-portion-1,ballot-type-1,0,0,1,0,0
733,Tabulator B,Batch 2,63,Tabulator B-Batch 2-63,Election Day,precinct-portion-1,ballot-type-1,1,0,0,0,0
734,Tabulator B,Batch 2,64,Tabulator B-Batch 2-64,Election Day,precinct-portion-1,ballot-type-1,1,1,1,1,1
735,Tabulator B,Batch 2,65,Tabulator B-Batch 2-65,Election Day,precinct-portion-1,ballot-type-1,1,1,1,1,1
736,Tabulator B,Batch 2,66,Tabulator B-Batch 2-66,Election Day,precinct-portion-1,ballot-type-1,1,1,1,1,1
737,Tabulator B,Batch 2,67,Tabulator B-Batch 2-67,Election Day,precinct-portion-1,ballot-type-1,1,1,1,1,1
738,Tabulator B,Batch 2,68,Tabulator B-Batch 2-68,Election Day,precinct-portion-1,ballot-type-1,1,1,1,1,1
739,Tabulator B,Batch 2,69,Tabulator B-Batch 2-69,Election Day,precinct-portion-1,ballot-type-1,1,1,1,1,1
740,Tabulator B,Batch 2,70,Tabulator B-Batch 2-70,Election Day,precinct-portion-1,ballot-type-1,0,0,1,0,0
741,Tabulator B,Batch 2,71,Tabulator B-Batch 2-71,Election Day,precinct-portion-1,ballot-type-1,1,1,1,1,1
742,Tabulator B,Batch 2,72,Tabulator B-Batch 2-72,Election Day,precinct-portion-1,ballot-type-1,1,1,1,1,1
743,Tabulator B,Batch 2,73,Tabulator B-Batch 2-73,Election Day,precinct-portion-1,ballot-type-1,0,0,0,0,0
744,Tabulator B,Batch 2,74,Tabulator B-Batch 2-74,Election Day,precinct-portion-1,ballot-type-1,1,0,0,0,0
745,Tabulator B,Batch 2,75,Tabulator B-Batch 2-75,Election Day,precinct-portion-1,ballot-type-1,0,0,1,0,0
746,Tabulator B,Batch 2,76,Tabulator B-Batch 2-76,Election Day,precinct-portion-1,ballot-type-1,0,0,0,0,0
747,Tabulator B,Batch 2,77,Tabulator B-Batch 2-77,Election Day,precinct-portion-1,ballot-type-1,1,1,1,1,1
748,Tabulator B,Batch 2,78,Tabulator B-Batch 2-78,Election Day,precinct-portion-1,ballot-type-1,0,0,0,0,0
749,Tabulator B,Batch 2,79,Tabulator B-Batch 2-79,Election Day,precinct-portion-1,ballot-type-1,0,0,0,0,0
750,Tabulator B,Batch 2,80,Tabulator B-Batch 2-80,Election Day,precinct-portion-1,ballot-type-1,1,1,1,1,1
751,Tabulator B,Batch 2,81,Tabulator B-Batch 2-81,Election Day,precinct-portion-1,ballot-type-1,0,0,0,0,0
752,Tabulator B,Batch 2,82,Tabulator B-Batch 2-82,Election Day,precinct-portion-1,ballot-type-1,0,0,0,0,0
753,Tabulator B,Batch 2,83,Tabulator B-Batch 2-83,Election Day,precinct-portion-1,ballot-type-1,0,0,0,0,0
754,Tabulator B,Batch 2,84,Tabulator B-Batch 2-84,Election Day,precinct-portion-1,ballot-type-1,1,1,1,1,1
755,Tabulator B,Batch 2,85,Tabulator B-Batch 2-85,Election Day,precinct-portion-1,ballot-type-1,0,0,0,0,0
756,Tabulator B,Batch 2,86,Tabulator B-Batch 2-86,Election Day,precinct-portion-1,ballot-type-1,0,0,1,0,0
757,Tabulator B,Batch 2,87,Tabulator B-Batch 2-87,Election Day,precinct-portion-1,ballot-type-1,0,0,0,0,0
758,Tabulator B,Batch 2,88,Tabulator B-Batch 2-88,Election Day,precinct-portion-1,ballot-type-1,0,0,0,0,0
759,Tabulator B,Batch 2,89,Tabulator B-Batch 2-89,Election Day,precinct-portion-1,ballot-type-1,0,0,0,0,0
760,Tabulator B,Batch 2,90,Tabulator B-Batch 2-90,Election Day,precinct-portion-1,ballot-type-1,1,1,1,1,1
761,Tabulator B,Batch 2,91,Tabulator B-Batch 2-91,Election Day,precinct-portion-1,ballot-type-1,0,0,1,0,0
762,Tabulator B,Batch 2,92,Tabulator B-Batch 2-92,Election Day,precinct-portion-1,ballot-type-1,1,1,1,1,1
763,Tabulator B,Batch 2,93,Tabulator B-Batch 2-93,Election Day,precinct-portion-1,ballot-type-1,0,0,1,0,0
764,Tabulator B,Batch 2,94,Tabulator B-Batch 2-94,Election Day,precinct-portion-1,ballot-type-1,0,0,0,0,0
765,Tabulator B,Batch 2,95,Tabulator B-Batch 2-95,Election Day,precinct-portion-1,ballot-type-1,1,1,1,1,1
766,Tabulator B,Batch 2,96,Tabulator B-Batch 2-96,Election Day,precinct-portion-1,ballot-type-1,1,1,1,1,1
767,Tabulator B,Batch 2,97,Tabulator B-Batch 2-97,Election Day,precinct-portion-1,ballot-type-1,1,1,1,1,1
768,Tabulator B,Batch 2,98,Tabulator B-Batch 2-98,Election Day,precinct-portion-1,ballot-type-1,0,0,1,0,0
769,Tabulator B,Batch 2,99,Tabulator B-Batch 2-99,Election Day,precinct-portion-1,ballot-type-1,0,0,1,0,0
770,Tabulator B,Batch 2,100,Tabulator B-Batch 2-100,Election Day,precinct-portion-1,ballot-type-1,0,0,0,0,0
771,Tabulator B,Batch 2,101,Tabulator B-Batch 2-101,Election Day,precinct-portion-1,ballot-type-1,1,1,1,1,1
772,Tabulator B,Batch 2,102,Tabulator B-Batch 2-102,Election Day,precinct-portion-1,ballot-type-1,0,0,0,0,0
773,Tabulator B,Batch 2,103,Tabulator B-Batch 2-103,Election Day,precinct-portion-1,ballot-type-1,0,0,1,0,0
774,Tabulator B,Batch 2,104,Tabulator B-Batch 2-104,Election Day,precinct-portion-1,ballot-type-1,0,0,0,0,0
775,Tabulator B,Batch 2,105,Tabulator B-Batch 2-105,Election Day,precinct-portion-1,ballot-type-1,0,0,0,0,0
776,Tabulator B,Batch 2,106,Tabulator B-Batch 2-106,Election Day,precinct-portion-1,ballot-type-1,1,1,1,1,1
777,Tabulator B,Batch 2,107,Tabulator B-Batch 2-107,Election Day,precinct-portion-1,ballot-type-1,1,1,1,1,1
778,Tabulator B,Batch 2,108,Tabulator B-Batch 2-108,Election Day,precinct-portion-1,ballot-type-1,0,0,1,0,0
779,Tabulator B,Batch 2,109,Tabulator B-Batch 2-109,Election Day,precinct-portion-1,ballot-type-1,1,1,1,1,1
780,Tabulator B,Batch 2,110,Tabulator B-Batch 2-110,Election Day,precinct-portion-1,ballot-type-1,0,0,0,0,0
781,Tabulator B,Batch 2,111,Tabulator B-Batch 2-111,Election Day,precinct-portion-1,ballot-type-1,1,1,1,1,1
782,Tabulator B,Batch 2,112,Tabulator B-Batch 2-112,Election Day,precinct-portion-1,ballot-type-1,0,0,1,0,0
783,Tabulator B,Batch 2,113,Tabulator B-Batch 2-113,Election Day,precinct-portion-1,ballot-type-1,0,0,1,0,0
784,Tabulator B,Batch 2,114,Tabulator B-Batch 2-114,Election Day,precinct-portion-1,ballot-type-1,0,0,1,0,0
785,Tabulator B,Batch 2,115,Tabulator B-Batch 2-115,Election Day,precinct-portion-1,ballot-type-1,1,1,1,1,1
786,Tabulator B,Batch 2,116,Tabulator B-Batch 2-116,Election Day,precinct-portion-1,ballot-type-1,1,0,0,0,0
787,Tabulator B,Batch 2,117,Tabulator B-Batch 2-117,Election Day,precinct-portion-1,ballot-type-1,1,0,0,0,0
788,Tabulator B,Batch 2,118,Tabulator B-Batch 2-118,Election Day,precinct-portion-1,ballot-type-1,0,0,0,0,0
789,Tabulator B,Batch 2,119,Tabulator B-Batch 2-119,Election Day,precinct-portion-1,ballot-type-1,1,0,0,0,0
790,Tabulator B,Batch 2,120,Tabulator B-Batch 2-120,Election Day,precinct-portion-1,ballot-type-1,1,1,1,1,1
791,Tabulator B,Batch 2,121,Tabulator B-Batch 2-121,Election Day,precinct-portion-1,ballot-type-1,0,0,1,0,0
792,Tabulator B,Batch 2,122,Tabulator B-Batch 2-122,Election Day,precinct-portion-1,ballot-type-1,0,0,1,0,0
793,Tabulator B,Batch 2,123,Tabulator B-Batch 2-123,Election Day,precinct-portion-1,ballot-type-1,0,0,0,0,0
794,Tabulator B,Batch 2,124,Tabulator B-Batch 2-124,Election Day,precinct-portion-1,ballot-type-1,0,0,0,0,0
795,Tabulator B,Batch 2,125,Tabulator B-Batch 2-125,Election Day,precinct-portion-1,ballot-type-1,1,1,1,1,1
796,Tabulator B,Batch 2,126,Tabulator B-Batch 2-126,Election Day,precinct-portion-1,ballot-type-1,0,0,1,0,0
797,Tabulator B,Batch 2,127,Tabulator B-Batch 2-127,Election Day,precinct-portion-1,ballot-type-1,1,1,1,1,1
798,Tabulator B,Batch 2,128,Tabulator B-Batch 2-128,Election Day,precinct-portion-1,ballot-type-1,0,0,0,0,0
799,Tabulator B,Batch 2,129,Tabulator B-Batch 2-129,Election Day,precinct-portion-1,ballot-type-1,0,0,0,0,0
800,Tabulator B,Batch 2,130,Tabulator B-Batch 2-130,Election Day,precinct-portion-1,ballot-type-1,0,0,1,0,0
801,Tabulator B,Batch 2,131,Tabulator B-Batch 2-131,Election Day,precinct-portion-1,ballot-type-1,1,0,0,0,0
802,Tabulator B,Batch 2,132,Tabulator B-Batch 2-132,Election Day,precinct-portion-1,ballot-type-1,1,1,1,1,1
803,Tabulator B,Batch 2,133,Tabulator B-Batch 2-133,Election Day,precinct-portion-1,ballot-type-1,0,0,0,0,0
804,Tabulator B,Batch 2,134,Tabulator B-Batch 2-134,Election Day,precinct-portion-1,ballot-type-1,0,0,0,0,0
805,Tabulator B,Batch 2,135,Tabulator B-Batch 2-135,Election Day,precinct-portion-1,ballot-type-1,0,0,0,0,0
806,Tabulator B,Batch 2,136,Tabulator B-Batch 2-136,Election Day,precinct-portion-1,ballot-type-1,0,0,0,0,0
807,Tabulator B,Batch 2,137,Tabulator B-Batch 2-137,Election Day,precinct-portion-1,ballot-type-1,1,1,1,1,1
808,Tabulator B,Batch 2,138,Tabulator B-Batch 2-138,Election Day,precinct-portion-1,ballot-type-1,1,1,1,1,1
809,Tabulator B,Batch 2,139,Tabulator B-Batch 2-139,Election Day,precinct-portion-1,ballot-type-1,1,1,1,1,1
810,Tabulator B,Batch 2,140,Tabulator B-Batch 2-140,Election Day,precinct-portion-1,ballot-type-1,0,0,0,0,0
811,Tabulator B,Batch 2,141,Tabulator B-Batch 2-141,Election Day,precinct-portion-1,ballot-type-1,0,0,0,0,0
812,Tabulator B,Batch 2,142,Tabulator B-Batch 2-142,Election Day,precinct-portion-1,ballot-type-1,0,0,0,0,0
813,Tabulator B,Batch 2,143,Tabulator B-Batch 2-143,Election Day,precinct-portion-1,ballot-type-1,1,1,1,1,1
814,Tabulator B,Batch 2,144,Tabulator B-Batch 2-144,Election Day,precinct-portion-1,ballot-type-1,0,0,0,0,0
815,Tabulator B,Batch 2,145,Tabulator B-Batch 2-145,Election Day,precinct-portion-1,ballot-type-1,1,1,1,1,1
816,Tabulator B,Batch 2,146,Tabulator B-Batch 2-146,Election Day,precinct-portion-1,ballot-type-1,1,0,0,0,0
817,Tabulator B,Batch 2,147,Tabulator B-Batch 2-147,Election Day,precinct-portion-1,ballot-type-1,1,1,1,1,1
818,Tabulator B,Batch 2,148,Tabulator B-Batch 2-148,Election Day,precinct-portion-1,ballot-type-1,0,0,0,0,0
819,Tabulator B,Batch 2,149,Tabulator B-Batch 2-149,Election Day,precinct-portion-1,ballot-type-1,1,1,1,1,1
820,Tabulator B,Batch 2,150,Tabulator B-Batch 2-150,Election Day,precinct-portion-1,ballot-type-1,0,0,1,0,0
821,Tabulator B,Batch 2,151,Tabulator B-Batch 2-151,Election Day,precinct-portion-1,ballot-type-1,0,0,1,0,0
822,Tabulator B,Batch 2,152,Tabulator B-Batch 2-152,Election Day,precinct-portion-1,ballot-type-1,1,1,1,1,1
823,Tabulator B,Batch 2,153,Tabulator B-Batch 2-153,Election Day,precinct-portion-1,ballot-type-1,0,0,1,0,0
824,Tabulator B,Batch 2,154,Tabulator B-Batch 2-154,Election Day,precinct-portion-1,ballot-type-1,0,0,0,0,0
825,Tabulator B,Batch 2,155,Tabulator B-Batch 2-155,Election Day,precinct-portion-1,ballot-type-1,1,1,1,1,1
826,Tabulator B,Batch 2,156,Tabulator B-Batch 2-156,Election Day,precinct-portion-1,ballot-type-1,0,0,0,0,0
827,Tabulator B,Batch 2,157,Tabulator B-Batch 2-157,Election Day,precinct-portion-1,ballot-type-1,0,0,0,0,0
828,Tabulator B,Batch 2,158,Tabulator B-Batch 2-158,Election Day,precinct-portion-1,ballot-type-1,0,0,0,0,0
829,Tabulator B,Batch 2,159,Tabulator B-Batch 2-159,Election Day,precinct-portion-1,ballot-type-1,1,1,1,1,1
830,Tabulator B,Batch 2,160,Tabulator B-Batch 2-160,Election Day,precinct-portion-1,ballot-type-1,1,1,1,1,1
831,Tabulator B,Batch 2,161,Tabulator B-Batch 2-161,Election Day,precinct-portion-1,ballot-type-1,0,0,0,0,0
832,Tabulator B,Batch 2,162,Tabulator B-Batch 2-162,Election Day,precinct-portion-1,ballot-type-1,0,0,1,0,0
833,Tabulator B,Batch 2,163,Tabulator B-Batch 2-163,Election Day,precinct-portion-1,ballot-type-1,1,1,1,1,1
834,Tabulator B,Batch 2,164,Tabulator B-Batch 2-164,Election Day,precinct-portion-1,ballot-type-1,0,0,0,0,0
835,Tabulator B,Batch 2,165,Tabulator B-Batch 2-165,Election Day,precinct-portion-1,ballot-type-1,0,0,0,0,0
836,Tabulator B,Batch 2,166,Tabulator B-Batch 2-166,Election Day,precinct-portion-1,ballot-type-1,0,0,1,0,0
837,Tabulator B,Batch 2,167,Tabulator B-Batch 2-167,Election Day,precinct-portion-1,ballot-type-1,1,1,1,1,1
838,Tabulator B,Batch 2,168,Tabulator B-Batch 2-168,Election Day,precinct-portion-1,ballot-type-1,0,0,1,0,0
839,Tabulator B,Batch 2,169,Tabulator B-Batch 2-169,Election Day,precinct-portion-1,ballot-type-1,1,1,1,1,1
840,Tabulator B,Batch 2,170,Tabulator B-Batch 2-170,Election Day,precinct-portion-1,ballot-type-1,0,0,0,0,0
841,Tabulator B,Batch 2,171,Tabulator B-Batch 2-171,Election Day,precinct-portion-1,ballot-type-1,1,1,1,1,1
842,Tabulator B,Batch 2,172,Tabulator B-Batch 2-172,Election Day,precinct-portion-1,ballot-type-1,0,0,0,0,0
843,Tabulator B,Batch 2,173,Tabulator B-Batch 2-173,Election Day,precinct-portion-1,ballot-type-1,0,0,0,0,0
844,Tabulator B,Batch 2,174,Tabulator B-Batch 2-174,Election Day,precinct-portion-1,ballot-type-1,1,1,1,1,1
845,Tabulator B,Batch 2,175,Tabulator B-Batch 2-175,Election Day,precinct-portion-1,ballot-type-1,1,1,1,1,1
846,Tabulator B,Batch 2,176,Tabulator B-Batch 2-176,Election Day,precinct-portion-1,ballot-type-1,0,0,1,0,0
847,Tabulator B,Batch 2,177,Tabulator B-Batch 2-177,Election Day,precinct-portion-1,ballot-type-1,1,1,1,1,1
848,Tabulator B,Batch 2,178,Tabulator B-Batch 2-178,Election Day,precinct-portion-1,ballot-type-1,1,1,1,1,1
849,Tabulator B,Batch 2,179,Tabulator B-Batch 2-179,Election Day,precinct-portion-1,ballot-type-1,1,1,1,1,1
850,Tabulator B,Batch 2,180,Tabulator B-Batch 2-180,Election Day,precinct-portion-1,ballot-type-1,0,0,1,0,0
851,Tabulator B,Batch 2,181,Tabulator B-Batch 2-181,Election Day,precinct-portion-1,ballot-type-1,1,1,1,1,1
852,Tabulator B,Batch 2,182,Tabulator B-Batch 2-182,Election Day,precinct-portion-1,ballot-type-1,1,1,1,1,1
853,Tabulator B,Batch 2,183,Tabulator B-Batch 2-183,Election Day,precinct-portion-1,ballot-type-1,1,1,1,1,1
854,Tabulator B,Batch 2,184,Tabulator B-Batch 2-184,Election Day,precinct-portion-1,ballot-type-1,0,0,0,0,0
855,Tabulator B,Batch 2,185,Tabulator B-Batch 2-185,Election Day,precinct-portion-1,ballot-type-1,1,1,1,1,1
856,Tabulator B,Batch 2,186,Tabulator B-Batch 2-186,Election Day,precinct-portion-1,ballot-type-1,0,0,0,0,0
857,Tabulator B,Batch 2,187,Tabulator B-Batch 2-187,Election Day,precinct-portion-1,ballot-type-1,1,1,1,1,1
858,Tabulator B,Batch 2,188,Tabulator B-Batch 2-188,Election Day,precinct-portion-1,ballot-type-1,0,0,0,0,0
859,Tabulator B,Batch 2,189,Tabulator B-Batch 2-189,Election Day,precinct-portion-1,ballot-type-1,1,0,0,0,0
860,Tabulator B,Batch 2,190,Tabulator B-Batch 2-190,Election Day,precinct-portion-1,ballot-type-1,0,0,0,0,0
861,Tabulator B,Batch 2,191,Tabulator B-Batch 2-191,Election Day,precinct-portion-1,ballot-type-1,0,0,0,0,0
